img1,img2,label
https://scontent.fmnl30-2.fna.fbcdn.net/m1/v/t6/An_XedqNlHnAsBa82TJYWXdD5DMh1kru0y86XXeoOhBanfF0310bBULHbkD-_HgeMB-KJ6sg7CaIRavWdUEtV9mn5gEwJGGL8blAWR1IfqqI1JehA2xyTUeZSssxAfQogsEwpGzCK8Xq2LblZr-R0A?stp=s2048x1536&ccb=10-5&oh=00_AfDEahS6jxFmAHA-X9RjumQcJCVE4tLSBeSvJmoa5Hh_Hg&oe=65B32B41&_nc_sid=201bca,https://scontent.fmnl30-2.fna.fbcdn.net/m1/v/t6/An-Q5_JCTf0zTylMOWsZibKUezkvEk5aBm8FNjwhYuF95IbzybFYRiJAtVA2f6dSJusWafpifhLs3G__px8uB6Nx6PrKmsokbvvn1NjsOrSZYuFb4RmmGr4iuJshI6yrL0wuMkOtbCzcmka42jsE6g?stp=s2048x1536&ccb=10-5&oh=00_AfB6ayJWghHnhl0D5Hv_HohLN0a1mNPgDjHkwZidgkizxA&oe=65B318FE&_nc_sid=201bca,1
https://scontent.fmnl30-2.fna.fbcdn.net/m1/v/t6/An-KL7HWoYK4thmgPX29ozh06LSKUBw5_CmA41FvVtcFf9Pr3fSZw_mXb__BECMQR75NMymeAMAF1vfsVS5aTzCvBN6Gmcaemj0YvduowpaFJpMqFPXjm56qG5Xays3MqsWyY5SI6X4rn_WEIEclmw?stp=s2048x1152&ccb=10-5&oh=00_AfCywZ5cR50q4ZhzyCXdvHTNc4HQOtgdBGwUTp8qjfeuWw&oe=65B32B24&_nc_sid=201bca,https://scontent.fmnl30-2.fna.fbcdn.net/m1/v/t6/An87ueSOTydwdV0hY_JZw6kbs9nRm_ryvVX0bbvDT-VaJFEUHuhnpi2FcU7dztfpv_e9_Iu-NMiFCST7u8duYbJQiKgbAyOg3lvYngO4TmdZwHF3iOb18PS10PhwKVvxkLpEW3UbshoMRpJb5EK1og?stp=s2048x1152&ccb=10-5&oh=00_AfAyNbKLGaDF0qLSfwkFwvmn628P5r7Nza5YTdWOw5vx-Q&oe=65B32F06&_nc_sid=201bca,1
https://scontent.fmnl30-2.fna.fbcdn.net/m1/v/t6/An9GndSH6M71ZD205PM59F5-t7yQhMGmO8vBC-b_jx74-TDPl11NWad6WTKjQ7Xdz3MeDDB9CXvI_eRmdNNgfZb71jtNrd29YgL-H_V4qrL3Omh-cK-V4i8GXh7FdgCMVXFuzma5OfxW7IkBr8ec0Bw?stp=s2048x1152&ccb=10-5&oh=00_AfDgub7OK9Hu8HXL4aQoz5ZqLOseDjgcEEXW0_fSGIj48A&oe=65B31561&_nc_sid=201bca,https://scontent.fmnl30-2.fna.fbcdn.net/m1/v/t6/An_ULAogU32q0lUdjzlnceUdNoUStM9S2vr_URY84yAJH5hxMzZ07Bid3DmgBg9Yv90BWWcxNvG9W0xCYBTWiNzV3X9OzfLBOskHW0eM4s-RDQX9De7zJOdPrspCdPZalIfbae-Fq6RxmYaY3G9vBEI?stp=s2048x1152&ccb=10-5&oh=00_AfCyqzfJJsnt4Ta2_18_J9tSKFDBJESdd6IOkgXpn8JTgw&oe=65B34CE7&_nc_sid=201bca,1
https://scontent.fmnl30-2.fna.fbcdn.net/m1/v/t6/An9jk2HlbN00b3mWSQfx8aDMoSyDEqiUzgOkZGaMUUUMgroDpYk9t5oA4Aw-mghLtj-nmUgbG2Iqja7mZDLtV9wggr4HfwZVSvXNWubgPVIiZhuQFIlM_7Adkf8HJTnE78yAiCotnV-d5DcUo7YDMQ?stp=s2048x1024&ccb=10-5&oh=00_AfCQJzC-mlGqePlsEj95s6lq8SIwHJXqeL3nBT8wdgvAvw&oe=65B320EE&_nc_sid=201bca,https://scontent.fmnl30-2.fna.fbcdn.net/m1/v/t6/An_SCfZ8UjSftJvFY6dC_zyusu4IWfbfAeSlPSEtLxdS9oAW_g9z5c1ajYrtWs9qX1cjaa55t2_Cbh2HA1kHnE5thmbCDAnnr2-A7TUZl6flXOxydtzj3kzW7LcrGWyfDwV8exq-UNuFSasEkmUIZg?stp=s2048x1024&ccb=10-5&oh=00_AfD9zSaEZn0J6fY0Dh6RRiOvahArTtj7AKmFtIrDeKXOrg&oe=65B349C3&_nc_sid=201bca,1
https://scontent.fmnl30-2.fna.fbcdn.net/m1/v/t6/An8tRWEcrta39YXNenhHa9KMnmmbZXBmsJpCEjFy7HPB0Pf2nHLzsaLYlJLC7dHZK7ceSZAwCas0rbi48ktBca0KO02NbfmUrUvhliRSDuL6U-GP-klpdEJzuWcuA6LvUW2H-uJHqDiMN4CWrAKDOg?stp=s2048x1152&ccb=10-5&oh=00_AfCrc_-pR5L_nksw7qX8mAnsMBtNDiuknWJLQ2_ye9BCRg&oe=65B32DA9&_nc_sid=201bca,https://scontent.fmnl30-2.fna.fbcdn.net/m1/v/t6/An_PNFOvKtGTsHADbAH3CGTy5ibLlrt6TMi9am6zR9Kbc5e11iwX7RXIdFiNcklDXAHwikI5AE9puTk5NC2NKQDtsVWhUgzGqbMLnuHWcDlKMGSDDi5P27EBI_Cj9uetnWXPNSf5_AbcIO79qu6zkDM?stp=s2048x1152&ccb=10-5&oh=00_AfDbqbzMYGJFa_l2Ri93I3QLU2endBRidaSHRKuV0I1_HQ&oe=65B34117&_nc_sid=201bca,1
https://scontent.fmnl30-2.fna.fbcdn.net/m1/v/t6/An8sedsA-eG6hfg3bz9F4TlP60TC3Uz-xjuFu6TcfxxZqnVlEodXFvKJtKFLQ4e0OoxoJQePo9harRkDJluzZ5xkRGMV_yxzJ4QPbxl96oujI4VA43gJhB5WO672IWBNLVvCPs1dKJ8YGYAB3-v30Q?stp=s2048x1152&ccb=10-5&oh=00_AfAlBZFz6XlEli235RuZcDdfw31eGUD5lXgwxjBDZy7qTQ&oe=65B31B22&_nc_sid=201bca,https://scontent.fmnl30-2.fna.fbcdn.net/m1/v/t6/An_ljiAVjFnApBvA3m_EQbhwtB9saKMG-4DOXlEEf-UA_GGkgjOFUTVLkeZUOAI1uBkr9Ep7ptSl9Z6YHqvrCxatkCncRdsuhRmSvQjXPl1W12vIrVM_GmgfSCT_4U9qXNA3TEUOlo8cbLA-BgTMgf8?stp=s2048x1152&ccb=10-5&oh=00_AfBxKm99zQv1y7U-s93upk20LznJeMI4FkFiBlIGX7fykQ&oe=65B32D7C&_nc_sid=201bca,1
https://scontent.fmnl30-2.fna.fbcdn.net/m1/v/t6/An9GQYBZrq94nQN3O25XYBB-kZiKAfjU2hzajjZ2H2PeW89XONEa0jPWYtrY9w4wVXEiniqz40fW2Qgl-jaD3lwDhyFVsubKRrMk2FCzTItFJ-ripn0Ck9pqFzSZn--i5mRVfe9KRM0vp-lMu7sFhQ?stp=s2048x1152&ccb=10-5&oh=00_AfD4BU8yDRD94F088Q3sfGLit3rJqTqfKsoPgz9UizY-4A&oe=65B317F1&_nc_sid=201bca,https://scontent.fmnl30-2.fna.fbcdn.net/m1/v/t6/An8X_EHVGwLcu8sattzD4E1d6NST3IXZLoYF7HEx6MGqP2GYPhLn2hC9Ktpki7OfEpegYf9Grxz0cKSgrRfq3ABnsqYq6ot-RXmKq9kWaqvhkqcjDQlD3KA1uUc_nQEJnYw6Z3wR6FTqTmPpPePTFQ?stp=s2048x1152&ccb=10-5&oh=00_AfBhRiCvxpKigyBC0FCg_Hc2UWd5Cl9LrY3sRQVDxYMYvg&oe=65B33AA9&_nc_sid=201bca,1
https://scontent.fmnl30-2.fna.fbcdn.net/m1/v/t6/An_s-0zqp5MQy3MiQtZ2g7ANQaWWnwXsPP1MsrvmxEd-fx-libYa74TzhABov8aTbqz89CPbeLFQeStDYjnWzsE1KobpruJEpHR3LyH2tK3EUEZNtOHpj_5GSrknXjhE22wFXHCKrv_j083AQLu71g?stp=s2048x1152&ccb=10-5&oh=00_AfBYxYJyb5roPBa5NDSL8raoj4a_D72zlObjHT13VyM6fQ&oe=65B33E04&_nc_sid=201bca,https://scontent.fmnl30-2.fna.fbcdn.net/m1/v/t6/An_IwprwAcZKUjTIne_Oqb3yhDQ5ap-f2zC6gu4nE_q2NtTEE55O3cc-FELbgZaMs9iv5C_6YTJyXVUtLj5UqteJElpDglag6cq17-eXAkPSQFZ7lSXqyUtYaRp0sHkAJ_C-qw4HBIYPChIryTgJFmk?stp=s2048x1152&ccb=10-5&oh=00_AfD8X4fPRyMe_gkKPcJt05cdRhhVcNGhU1Nq2WUzKMaf_g&oe=65B3439A&_nc_sid=201bca,0
https://scontent.fmnl30-2.fna.fbcdn.net/m1/v/t6/An_s-0zqp5MQy3MiQtZ2g7ANQaWWnwXsPP1MsrvmxEd-fx-libYa74TzhABov8aTbqz89CPbeLFQeStDYjnWzsE1KobpruJEpHR3LyH2tK3EUEZNtOHpj_5GSrknXjhE22wFXHCKrv_j083AQLu71g?stp=s2048x1152&ccb=10-5&oh=00_AfBYxYJyb5roPBa5NDSL8raoj4a_D72zlObjHT13VyM6fQ&oe=65B33E04&_nc_sid=201bca,https://scontent.fmnl30-2.fna.fbcdn.net/m1/v/t6/An-aC9HaVwUc_X6J59bY6v-ptbvnK1zPtD08VAKdzPMMGNTVdnF2KTkZUYeWtujWagOw2lrKL6U1qM0dNHB0Jpnb0AId96noFTaM-7sjCyyUKizzhUmm8OGiF4_oIPyyGxyQ9pFJxrKacdD-2BhnNw?stp=s2048x1152&ccb=10-5&oh=00_AfDbm4vIX8HyJa_OHWi9jySHyNl_Ez1jhlATzIkU2hFBXg&oe=65B337E5&_nc_sid=201bca,0
https://scontent.fmnl30-2.fna.fbcdn.net/m1/v/t6/An_s-0zqp5MQy3MiQtZ2g7ANQaWWnwXsPP1MsrvmxEd-fx-libYa74TzhABov8aTbqz89CPbeLFQeStDYjnWzsE1KobpruJEpHR3LyH2tK3EUEZNtOHpj_5GSrknXjhE22wFXHCKrv_j083AQLu71g?stp=s2048x1152&ccb=10-5&oh=00_AfBYxYJyb5roPBa5NDSL8raoj4a_D72zlObjHT13VyM6fQ&oe=65B33E04&_nc_sid=201bca,https://scontent.fmnl30-2.fna.fbcdn.net/m1/v/t6/An-ZnPJiEhxprYqiLfTJW9XRXPaeG2dBjr79xYKyBtgdhdJGJVA0yZrOO36jcr6L5wD8XME5fbQ5cGtx60kU6lo3EE-7KgRHdDuv-VcqivZ8oxOIk2RU882xHUnZ0ZYejEmWFtEmrLJTa1txPpdtow?stp=s2048x1536&ccb=10-5&oh=00_AfCTI6YhhL6-dTe7Cwk9Y3R30Zr_inf7G8k3uJ_XbS6rCQ&oe=65B3246B&_nc_sid=201bca,0
https://scontent.fmnl30-2.fna.fbcdn.net/m1/v/t6/An_s-0zqp5MQy3MiQtZ2g7ANQaWWnwXsPP1MsrvmxEd-fx-libYa74TzhABov8aTbqz89CPbeLFQeStDYjnWzsE1KobpruJEpHR3LyH2tK3EUEZNtOHpj_5GSrknXjhE22wFXHCKrv_j083AQLu71g?stp=s2048x1152&ccb=10-5&oh=00_AfBYxYJyb5roPBa5NDSL8raoj4a_D72zlObjHT13VyM6fQ&oe=65B33E04&_nc_sid=201bca,https://scontent.fmnl30-2.fna.fbcdn.net/m1/v/t6/An-baovEV-ojU2_anWoge1B7sU1Eu-7uwUCv4tdgXVGFTTUh1581WS-c1aduoiA6NhS_LbEIVkiChg0uQv5YstnIIXWk9-a4rbmC__NmalHTZxdnPNBjyXaXp0k3pk76NOHHcWUm4rWKILBwbrqKlg?stp=s2048x1152&ccb=10-5&oh=00_AfCLUj5UsCziv26aodX-OfJQAVYQ1Dv7YJEb65UVwqG53Q&oe=65B31BE7&_nc_sid=201bca,0
https://scontent.fmnl30-2.fna.fbcdn.net/m1/v/t6/An_s-0zqp5MQy3MiQtZ2g7ANQaWWnwXsPP1MsrvmxEd-fx-libYa74TzhABov8aTbqz89CPbeLFQeStDYjnWzsE1KobpruJEpHR3LyH2tK3EUEZNtOHpj_5GSrknXjhE22wFXHCKrv_j083AQLu71g?stp=s2048x1152&ccb=10-5&oh=00_AfBYxYJyb5roPBa5NDSL8raoj4a_D72zlObjHT13VyM6fQ&oe=65B33E04&_nc_sid=201bca,https://scontent.fmnl30-2.fna.fbcdn.net/m1/v/t6/An-H56XFG-G7_SUR2llzEElswLZkvzi0fqhxH5hzQfHV-jCUXsGRM5FOIeUKs4QDhUuqshDdbH5c6M1m05PoN_csSafVYp0M3bMcKzLpWNyB39VDrJKirv2f9bBr9gARG8X7B5I3R7bjRazCXHUaopM?stp=s2048x1152&ccb=10-5&oh=00_AfA7lkMZCDIu8P-AIl1O27E4GUPJuZvV8Vk_OM44Xex6jA&oe=65B32B76&_nc_sid=201bca,0
https://scontent.fmnl30-2.fna.fbcdn.net/m1/v/t6/An_s-0zqp5MQy3MiQtZ2g7ANQaWWnwXsPP1MsrvmxEd-fx-libYa74TzhABov8aTbqz89CPbeLFQeStDYjnWzsE1KobpruJEpHR3LyH2tK3EUEZNtOHpj_5GSrknXjhE22wFXHCKrv_j083AQLu71g?stp=s2048x1152&ccb=10-5&oh=00_AfBYxYJyb5roPBa5NDSL8raoj4a_D72zlObjHT13VyM6fQ&oe=65B33E04&_nc_sid=201bca,https://scontent.fmnl30-2.fna.fbcdn.net/m1/v/t6/An9TGsMIYwpUQMHnk2AgpzsnyeYouht7eq-SoVGE_hqpCKKAOXlapK330gI9jNAS3gA1xn1oj-wBpNZEJylnrvsC8yMF_qfklE5oisPHYUQO_xAT9ofQSAQ8E4OSLprSs5k2rtzrcEAxVSy1WG3jAw?stp=s2048x1152&ccb=10-5&oh=00_AfDg2BvnoymTOQca0G99vjUIS8N1xexHMpboygJzHjKYZw&oe=65B34207&_nc_sid=201bca,0
https://scontent.fmnl30-2.fna.fbcdn.net/m1/v/t6/An_s-0zqp5MQy3MiQtZ2g7ANQaWWnwXsPP1MsrvmxEd-fx-libYa74TzhABov8aTbqz89CPbeLFQeStDYjnWzsE1KobpruJEpHR3LyH2tK3EUEZNtOHpj_5GSrknXjhE22wFXHCKrv_j083AQLu71g?stp=s2048x1152&ccb=10-5&oh=00_AfBYxYJyb5roPBa5NDSL8raoj4a_D72zlObjHT13VyM6fQ&oe=65B33E04&_nc_sid=201bca,https://scontent.fmnl30-2.fna.fbcdn.net/m1/v/t6/An8PQZKZXl7a-5NoTKmahtSHoUntNF0uIZJxvcnJeoEzf_dcLXSiZ4mIKW3BCU1_atgLM-570mnpAFEsU77VbflN0Xelera2lucbz4uwZ6rusigRVaoG2XZ2UADjfhFmC2bTCCjwDqx4uhMQaZC96YI?stp=s2048x1152&ccb=10-5&oh=00_AfB00D57gWoblSPYk-t3cKYdzPODdsC3WnUh923GdVbTRA&oe=65B31D6C&_nc_sid=201bca,0
https://scontent.fmnl30-2.fna.fbcdn.net/m1/v/t6/An_IwprwAcZKUjTIne_Oqb3yhDQ5ap-f2zC6gu4nE_q2NtTEE55O3cc-FELbgZaMs9iv5C_6YTJyXVUtLj5UqteJElpDglag6cq17-eXAkPSQFZ7lSXqyUtYaRp0sHkAJ_C-qw4HBIYPChIryTgJFmk?stp=s2048x1152&ccb=10-5&oh=00_AfD8X4fPRyMe_gkKPcJt05cdRhhVcNGhU1Nq2WUzKMaf_g&oe=65B3439A&_nc_sid=201bca,https://scontent.fmnl30-2.fna.fbcdn.net/m1/v/t6/An_s-0zqp5MQy3MiQtZ2g7ANQaWWnwXsPP1MsrvmxEd-fx-libYa74TzhABov8aTbqz89CPbeLFQeStDYjnWzsE1KobpruJEpHR3LyH2tK3EUEZNtOHpj_5GSrknXjhE22wFXHCKrv_j083AQLu71g?stp=s2048x1152&ccb=10-5&oh=00_AfBYxYJyb5roPBa5NDSL8raoj4a_D72zlObjHT13VyM6fQ&oe=65B33E04&_nc_sid=201bca,0
https://scontent.fmnl30-2.fna.fbcdn.net/m1/v/t6/An_IwprwAcZKUjTIne_Oqb3yhDQ5ap-f2zC6gu4nE_q2NtTEE55O3cc-FELbgZaMs9iv5C_6YTJyXVUtLj5UqteJElpDglag6cq17-eXAkPSQFZ7lSXqyUtYaRp0sHkAJ_C-qw4HBIYPChIryTgJFmk?stp=s2048x1152&ccb=10-5&oh=00_AfD8X4fPRyMe_gkKPcJt05cdRhhVcNGhU1Nq2WUzKMaf_g&oe=65B3439A&_nc_sid=201bca,https://scontent.fmnl30-2.fna.fbcdn.net/m1/v/t6/An-aC9HaVwUc_X6J59bY6v-ptbvnK1zPtD08VAKdzPMMGNTVdnF2KTkZUYeWtujWagOw2lrKL6U1qM0dNHB0Jpnb0AId96noFTaM-7sjCyyUKizzhUmm8OGiF4_oIPyyGxyQ9pFJxrKacdD-2BhnNw?stp=s2048x1152&ccb=10-5&oh=00_AfDbm4vIX8HyJa_OHWi9jySHyNl_Ez1jhlATzIkU2hFBXg&oe=65B337E5&_nc_sid=201bca,0
https://scontent.fmnl30-2.fna.fbcdn.net/m1/v/t6/An_IwprwAcZKUjTIne_Oqb3yhDQ5ap-f2zC6gu4nE_q2NtTEE55O3cc-FELbgZaMs9iv5C_6YTJyXVUtLj5UqteJElpDglag6cq17-eXAkPSQFZ7lSXqyUtYaRp0sHkAJ_C-qw4HBIYPChIryTgJFmk?stp=s2048x1152&ccb=10-5&oh=00_AfD8X4fPRyMe_gkKPcJt05cdRhhVcNGhU1Nq2WUzKMaf_g&oe=65B3439A&_nc_sid=201bca,https://scontent.fmnl30-2.fna.fbcdn.net/m1/v/t6/An-ZnPJiEhxprYqiLfTJW9XRXPaeG2dBjr79xYKyBtgdhdJGJVA0yZrOO36jcr6L5wD8XME5fbQ5cGtx60kU6lo3EE-7KgRHdDuv-VcqivZ8oxOIk2RU882xHUnZ0ZYejEmWFtEmrLJTa1txPpdtow?stp=s2048x1536&ccb=10-5&oh=00_AfCTI6YhhL6-dTe7Cwk9Y3R30Zr_inf7G8k3uJ_XbS6rCQ&oe=65B3246B&_nc_sid=201bca,0
https://scontent.fmnl30-2.fna.fbcdn.net/m1/v/t6/An_IwprwAcZKUjTIne_Oqb3yhDQ5ap-f2zC6gu4nE_q2NtTEE55O3cc-FELbgZaMs9iv5C_6YTJyXVUtLj5UqteJElpDglag6cq17-eXAkPSQFZ7lSXqyUtYaRp0sHkAJ_C-qw4HBIYPChIryTgJFmk?stp=s2048x1152&ccb=10-5&oh=00_AfD8X4fPRyMe_gkKPcJt05cdRhhVcNGhU1Nq2WUzKMaf_g&oe=65B3439A&_nc_sid=201bca,https://scontent.fmnl30-2.fna.fbcdn.net/m1/v/t6/An-baovEV-ojU2_anWoge1B7sU1Eu-7uwUCv4tdgXVGFTTUh1581WS-c1aduoiA6NhS_LbEIVkiChg0uQv5YstnIIXWk9-a4rbmC__NmalHTZxdnPNBjyXaXp0k3pk76NOHHcWUm4rWKILBwbrqKlg?stp=s2048x1152&ccb=10-5&oh=00_AfCLUj5UsCziv26aodX-OfJQAVYQ1Dv7YJEb65UVwqG53Q&oe=65B31BE7&_nc_sid=201bca,0
https://scontent.fmnl30-2.fna.fbcdn.net/m1/v/t6/An_IwprwAcZKUjTIne_Oqb3yhDQ5ap-f2zC6gu4nE_q2NtTEE55O3cc-FELbgZaMs9iv5C_6YTJyXVUtLj5UqteJElpDglag6cq17-eXAkPSQFZ7lSXqyUtYaRp0sHkAJ_C-qw4HBIYPChIryTgJFmk?stp=s2048x1152&ccb=10-5&oh=00_AfD8X4fPRyMe_gkKPcJt05cdRhhVcNGhU1Nq2WUzKMaf_g&oe=65B3439A&_nc_sid=201bca,https://scontent.fmnl30-2.fna.fbcdn.net/m1/v/t6/An-H56XFG-G7_SUR2llzEElswLZkvzi0fqhxH5hzQfHV-jCUXsGRM5FOIeUKs4QDhUuqshDdbH5c6M1m05PoN_csSafVYp0M3bMcKzLpWNyB39VDrJKirv2f9bBr9gARG8X7B5I3R7bjRazCXHUaopM?stp=s2048x1152&ccb=10-5&oh=00_AfA7lkMZCDIu8P-AIl1O27E4GUPJuZvV8Vk_OM44Xex6jA&oe=65B32B76&_nc_sid=201bca,0
https://scontent.fmnl30-2.fna.fbcdn.net/m1/v/t6/An_IwprwAcZKUjTIne_Oqb3yhDQ5ap-f2zC6gu4nE_q2NtTEE55O3cc-FELbgZaMs9iv5C_6YTJyXVUtLj5UqteJElpDglag6cq17-eXAkPSQFZ7lSXqyUtYaRp0sHkAJ_C-qw4HBIYPChIryTgJFmk?stp=s2048x1152&ccb=10-5&oh=00_AfD8X4fPRyMe_gkKPcJt05cdRhhVcNGhU1Nq2WUzKMaf_g&oe=65B3439A&_nc_sid=201bca,https://scontent.fmnl30-2.fna.fbcdn.net/m1/v/t6/An9TGsMIYwpUQMHnk2AgpzsnyeYouht7eq-SoVGE_hqpCKKAOXlapK330gI9jNAS3gA1xn1oj-wBpNZEJylnrvsC8yMF_qfklE5oisPHYUQO_xAT9ofQSAQ8E4OSLprSs5k2rtzrcEAxVSy1WG3jAw?stp=s2048x1152&ccb=10-5&oh=00_AfDg2BvnoymTOQca0G99vjUIS8N1xexHMpboygJzHjKYZw&oe=65B34207&_nc_sid=201bca,0
https://scontent.fmnl30-2.fna.fbcdn.net/m1/v/t6/An_IwprwAcZKUjTIne_Oqb3yhDQ5ap-f2zC6gu4nE_q2NtTEE55O3cc-FELbgZaMs9iv5C_6YTJyXVUtLj5UqteJElpDglag6cq17-eXAkPSQFZ7lSXqyUtYaRp0sHkAJ_C-qw4HBIYPChIryTgJFmk?stp=s2048x1152&ccb=10-5&oh=00_AfD8X4fPRyMe_gkKPcJt05cdRhhVcNGhU1Nq2WUzKMaf_g&oe=65B3439A&_nc_sid=201bca,https://scontent.fmnl30-2.fna.fbcdn.net/m1/v/t6/An8PQZKZXl7a-5NoTKmahtSHoUntNF0uIZJxvcnJeoEzf_dcLXSiZ4mIKW3BCU1_atgLM-570mnpAFEsU77VbflN0Xelera2lucbz4uwZ6rusigRVaoG2XZ2UADjfhFmC2bTCCjwDqx4uhMQaZC96YI?stp=s2048x1152&ccb=10-5&oh=00_AfB00D57gWoblSPYk-t3cKYdzPODdsC3WnUh923GdVbTRA&oe=65B31D6C&_nc_sid=201bca,0
https://scontent.fmnl30-2.fna.fbcdn.net/m1/v/t6/An-aC9HaVwUc_X6J59bY6v-ptbvnK1zPtD08VAKdzPMMGNTVdnF2KTkZUYeWtujWagOw2lrKL6U1qM0dNHB0Jpnb0AId96noFTaM-7sjCyyUKizzhUmm8OGiF4_oIPyyGxyQ9pFJxrKacdD-2BhnNw?stp=s2048x1152&ccb=10-5&oh=00_AfDbm4vIX8HyJa_OHWi9jySHyNl_Ez1jhlATzIkU2hFBXg&oe=65B337E5&_nc_sid=201bca,https://scontent.fmnl30-2.fna.fbcdn.net/m1/v/t6/An_s-0zqp5MQy3MiQtZ2g7ANQaWWnwXsPP1MsrvmxEd-fx-libYa74TzhABov8aTbqz89CPbeLFQeStDYjnWzsE1KobpruJEpHR3LyH2tK3EUEZNtOHpj_5GSrknXjhE22wFXHCKrv_j083AQLu71g?stp=s2048x1152&ccb=10-5&oh=00_AfBYxYJyb5roPBa5NDSL8raoj4a_D72zlObjHT13VyM6fQ&oe=65B33E04&_nc_sid=201bca,0
https://scontent.fmnl30-2.fna.fbcdn.net/m1/v/t6/An-aC9HaVwUc_X6J59bY6v-ptbvnK1zPtD08VAKdzPMMGNTVdnF2KTkZUYeWtujWagOw2lrKL6U1qM0dNHB0Jpnb0AId96noFTaM-7sjCyyUKizzhUmm8OGiF4_oIPyyGxyQ9pFJxrKacdD-2BhnNw?stp=s2048x1152&ccb=10-5&oh=00_AfDbm4vIX8HyJa_OHWi9jySHyNl_Ez1jhlATzIkU2hFBXg&oe=65B337E5&_nc_sid=201bca,https://scontent.fmnl30-2.fna.fbcdn.net/m1/v/t6/An_IwprwAcZKUjTIne_Oqb3yhDQ5ap-f2zC6gu4nE_q2NtTEE55O3cc-FELbgZaMs9iv5C_6YTJyXVUtLj5UqteJElpDglag6cq17-eXAkPSQFZ7lSXqyUtYaRp0sHkAJ_C-qw4HBIYPChIryTgJFmk?stp=s2048x1152&ccb=10-5&oh=00_AfD8X4fPRyMe_gkKPcJt05cdRhhVcNGhU1Nq2WUzKMaf_g&oe=65B3439A&_nc_sid=201bca,0
https://scontent.fmnl30-2.fna.fbcdn.net/m1/v/t6/An-aC9HaVwUc_X6J59bY6v-ptbvnK1zPtD08VAKdzPMMGNTVdnF2KTkZUYeWtujWagOw2lrKL6U1qM0dNHB0Jpnb0AId96noFTaM-7sjCyyUKizzhUmm8OGiF4_oIPyyGxyQ9pFJxrKacdD-2BhnNw?stp=s2048x1152&ccb=10-5&oh=00_AfDbm4vIX8HyJa_OHWi9jySHyNl_Ez1jhlATzIkU2hFBXg&oe=65B337E5&_nc_sid=201bca,https://scontent.fmnl30-2.fna.fbcdn.net/m1/v/t6/An-ZnPJiEhxprYqiLfTJW9XRXPaeG2dBjr79xYKyBtgdhdJGJVA0yZrOO36jcr6L5wD8XME5fbQ5cGtx60kU6lo3EE-7KgRHdDuv-VcqivZ8oxOIk2RU882xHUnZ0ZYejEmWFtEmrLJTa1txPpdtow?stp=s2048x1536&ccb=10-5&oh=00_AfCTI6YhhL6-dTe7Cwk9Y3R30Zr_inf7G8k3uJ_XbS6rCQ&oe=65B3246B&_nc_sid=201bca,0
https://scontent.fmnl30-2.fna.fbcdn.net/m1/v/t6/An-aC9HaVwUc_X6J59bY6v-ptbvnK1zPtD08VAKdzPMMGNTVdnF2KTkZUYeWtujWagOw2lrKL6U1qM0dNHB0Jpnb0AId96noFTaM-7sjCyyUKizzhUmm8OGiF4_oIPyyGxyQ9pFJxrKacdD-2BhnNw?stp=s2048x1152&ccb=10-5&oh=00_AfDbm4vIX8HyJa_OHWi9jySHyNl_Ez1jhlATzIkU2hFBXg&oe=65B337E5&_nc_sid=201bca,https://scontent.fmnl30-2.fna.fbcdn.net/m1/v/t6/An-baovEV-ojU2_anWoge1B7sU1Eu-7uwUCv4tdgXVGFTTUh1581WS-c1aduoiA6NhS_LbEIVkiChg0uQv5YstnIIXWk9-a4rbmC__NmalHTZxdnPNBjyXaXp0k3pk76NOHHcWUm4rWKILBwbrqKlg?stp=s2048x1152&ccb=10-5&oh=00_AfCLUj5UsCziv26aodX-OfJQAVYQ1Dv7YJEb65UVwqG53Q&oe=65B31BE7&_nc_sid=201bca,0
https://scontent.fmnl30-2.fna.fbcdn.net/m1/v/t6/An-aC9HaVwUc_X6J59bY6v-ptbvnK1zPtD08VAKdzPMMGNTVdnF2KTkZUYeWtujWagOw2lrKL6U1qM0dNHB0Jpnb0AId96noFTaM-7sjCyyUKizzhUmm8OGiF4_oIPyyGxyQ9pFJxrKacdD-2BhnNw?stp=s2048x1152&ccb=10-5&oh=00_AfDbm4vIX8HyJa_OHWi9jySHyNl_Ez1jhlATzIkU2hFBXg&oe=65B337E5&_nc_sid=201bca,https://scontent.fmnl30-2.fna.fbcdn.net/m1/v/t6/An-H56XFG-G7_SUR2llzEElswLZkvzi0fqhxH5hzQfHV-jCUXsGRM5FOIeUKs4QDhUuqshDdbH5c6M1m05PoN_csSafVYp0M3bMcKzLpWNyB39VDrJKirv2f9bBr9gARG8X7B5I3R7bjRazCXHUaopM?stp=s2048x1152&ccb=10-5&oh=00_AfA7lkMZCDIu8P-AIl1O27E4GUPJuZvV8Vk_OM44Xex6jA&oe=65B32B76&_nc_sid=201bca,0
https://scontent.fmnl30-2.fna.fbcdn.net/m1/v/t6/An-aC9HaVwUc_X6J59bY6v-ptbvnK1zPtD08VAKdzPMMGNTVdnF2KTkZUYeWtujWagOw2lrKL6U1qM0dNHB0Jpnb0AId96noFTaM-7sjCyyUKizzhUmm8OGiF4_oIPyyGxyQ9pFJxrKacdD-2BhnNw?stp=s2048x1152&ccb=10-5&oh=00_AfDbm4vIX8HyJa_OHWi9jySHyNl_Ez1jhlATzIkU2hFBXg&oe=65B337E5&_nc_sid=201bca,https://scontent.fmnl30-2.fna.fbcdn.net/m1/v/t6/An9TGsMIYwpUQMHnk2AgpzsnyeYouht7eq-SoVGE_hqpCKKAOXlapK330gI9jNAS3gA1xn1oj-wBpNZEJylnrvsC8yMF_qfklE5oisPHYUQO_xAT9ofQSAQ8E4OSLprSs5k2rtzrcEAxVSy1WG3jAw?stp=s2048x1152&ccb=10-5&oh=00_AfDg2BvnoymTOQca0G99vjUIS8N1xexHMpboygJzHjKYZw&oe=65B34207&_nc_sid=201bca,0
https://scontent.fmnl30-2.fna.fbcdn.net/m1/v/t6/An-aC9HaVwUc_X6J59bY6v-ptbvnK1zPtD08VAKdzPMMGNTVdnF2KTkZUYeWtujWagOw2lrKL6U1qM0dNHB0Jpnb0AId96noFTaM-7sjCyyUKizzhUmm8OGiF4_oIPyyGxyQ9pFJxrKacdD-2BhnNw?stp=s2048x1152&ccb=10-5&oh=00_AfDbm4vIX8HyJa_OHWi9jySHyNl_Ez1jhlATzIkU2hFBXg&oe=65B337E5&_nc_sid=201bca,https://scontent.fmnl30-2.fna.fbcdn.net/m1/v/t6/An8PQZKZXl7a-5NoTKmahtSHoUntNF0uIZJxvcnJeoEzf_dcLXSiZ4mIKW3BCU1_atgLM-570mnpAFEsU77VbflN0Xelera2lucbz4uwZ6rusigRVaoG2XZ2UADjfhFmC2bTCCjwDqx4uhMQaZC96YI?stp=s2048x1152&ccb=10-5&oh=00_AfB00D57gWoblSPYk-t3cKYdzPODdsC3WnUh923GdVbTRA&oe=65B31D6C&_nc_sid=201bca,0
https://scontent.fmnl30-2.fna.fbcdn.net/m1/v/t6/An-ZnPJiEhxprYqiLfTJW9XRXPaeG2dBjr79xYKyBtgdhdJGJVA0yZrOO36jcr6L5wD8XME5fbQ5cGtx60kU6lo3EE-7KgRHdDuv-VcqivZ8oxOIk2RU882xHUnZ0ZYejEmWFtEmrLJTa1txPpdtow?stp=s2048x1536&ccb=10-5&oh=00_AfCTI6YhhL6-dTe7Cwk9Y3R30Zr_inf7G8k3uJ_XbS6rCQ&oe=65B3246B&_nc_sid=201bca,https://scontent.fmnl30-2.fna.fbcdn.net/m1/v/t6/An_s-0zqp5MQy3MiQtZ2g7ANQaWWnwXsPP1MsrvmxEd-fx-libYa74TzhABov8aTbqz89CPbeLFQeStDYjnWzsE1KobpruJEpHR3LyH2tK3EUEZNtOHpj_5GSrknXjhE22wFXHCKrv_j083AQLu71g?stp=s2048x1152&ccb=10-5&oh=00_AfBYxYJyb5roPBa5NDSL8raoj4a_D72zlObjHT13VyM6fQ&oe=65B33E04&_nc_sid=201bca,0
https://scontent.fmnl30-2.fna.fbcdn.net/m1/v/t6/An-ZnPJiEhxprYqiLfTJW9XRXPaeG2dBjr79xYKyBtgdhdJGJVA0yZrOO36jcr6L5wD8XME5fbQ5cGtx60kU6lo3EE-7KgRHdDuv-VcqivZ8oxOIk2RU882xHUnZ0ZYejEmWFtEmrLJTa1txPpdtow?stp=s2048x1536&ccb=10-5&oh=00_AfCTI6YhhL6-dTe7Cwk9Y3R30Zr_inf7G8k3uJ_XbS6rCQ&oe=65B3246B&_nc_sid=201bca,https://scontent.fmnl30-2.fna.fbcdn.net/m1/v/t6/An_IwprwAcZKUjTIne_Oqb3yhDQ5ap-f2zC6gu4nE_q2NtTEE55O3cc-FELbgZaMs9iv5C_6YTJyXVUtLj5UqteJElpDglag6cq17-eXAkPSQFZ7lSXqyUtYaRp0sHkAJ_C-qw4HBIYPChIryTgJFmk?stp=s2048x1152&ccb=10-5&oh=00_AfD8X4fPRyMe_gkKPcJt05cdRhhVcNGhU1Nq2WUzKMaf_g&oe=65B3439A&_nc_sid=201bca,0
https://scontent.fmnl30-2.fna.fbcdn.net/m1/v/t6/An-ZnPJiEhxprYqiLfTJW9XRXPaeG2dBjr79xYKyBtgdhdJGJVA0yZrOO36jcr6L5wD8XME5fbQ5cGtx60kU6lo3EE-7KgRHdDuv-VcqivZ8oxOIk2RU882xHUnZ0ZYejEmWFtEmrLJTa1txPpdtow?stp=s2048x1536&ccb=10-5&oh=00_AfCTI6YhhL6-dTe7Cwk9Y3R30Zr_inf7G8k3uJ_XbS6rCQ&oe=65B3246B&_nc_sid=201bca,https://scontent.fmnl30-2.fna.fbcdn.net/m1/v/t6/An-aC9HaVwUc_X6J59bY6v-ptbvnK1zPtD08VAKdzPMMGNTVdnF2KTkZUYeWtujWagOw2lrKL6U1qM0dNHB0Jpnb0AId96noFTaM-7sjCyyUKizzhUmm8OGiF4_oIPyyGxyQ9pFJxrKacdD-2BhnNw?stp=s2048x1152&ccb=10-5&oh=00_AfDbm4vIX8HyJa_OHWi9jySHyNl_Ez1jhlATzIkU2hFBXg&oe=65B337E5&_nc_sid=201bca,0
https://scontent.fmnl30-2.fna.fbcdn.net/m1/v/t6/An-ZnPJiEhxprYqiLfTJW9XRXPaeG2dBjr79xYKyBtgdhdJGJVA0yZrOO36jcr6L5wD8XME5fbQ5cGtx60kU6lo3EE-7KgRHdDuv-VcqivZ8oxOIk2RU882xHUnZ0ZYejEmWFtEmrLJTa1txPpdtow?stp=s2048x1536&ccb=10-5&oh=00_AfCTI6YhhL6-dTe7Cwk9Y3R30Zr_inf7G8k3uJ_XbS6rCQ&oe=65B3246B&_nc_sid=201bca,https://scontent.fmnl30-2.fna.fbcdn.net/m1/v/t6/An-baovEV-ojU2_anWoge1B7sU1Eu-7uwUCv4tdgXVGFTTUh1581WS-c1aduoiA6NhS_LbEIVkiChg0uQv5YstnIIXWk9-a4rbmC__NmalHTZxdnPNBjyXaXp0k3pk76NOHHcWUm4rWKILBwbrqKlg?stp=s2048x1152&ccb=10-5&oh=00_AfCLUj5UsCziv26aodX-OfJQAVYQ1Dv7YJEb65UVwqG53Q&oe=65B31BE7&_nc_sid=201bca,0
https://scontent.fmnl30-2.fna.fbcdn.net/m1/v/t6/An-ZnPJiEhxprYqiLfTJW9XRXPaeG2dBjr79xYKyBtgdhdJGJVA0yZrOO36jcr6L5wD8XME5fbQ5cGtx60kU6lo3EE-7KgRHdDuv-VcqivZ8oxOIk2RU882xHUnZ0ZYejEmWFtEmrLJTa1txPpdtow?stp=s2048x1536&ccb=10-5&oh=00_AfCTI6YhhL6-dTe7Cwk9Y3R30Zr_inf7G8k3uJ_XbS6rCQ&oe=65B3246B&_nc_sid=201bca,https://scontent.fmnl30-2.fna.fbcdn.net/m1/v/t6/An-H56XFG-G7_SUR2llzEElswLZkvzi0fqhxH5hzQfHV-jCUXsGRM5FOIeUKs4QDhUuqshDdbH5c6M1m05PoN_csSafVYp0M3bMcKzLpWNyB39VDrJKirv2f9bBr9gARG8X7B5I3R7bjRazCXHUaopM?stp=s2048x1152&ccb=10-5&oh=00_AfA7lkMZCDIu8P-AIl1O27E4GUPJuZvV8Vk_OM44Xex6jA&oe=65B32B76&_nc_sid=201bca,0
https://scontent.fmnl30-2.fna.fbcdn.net/m1/v/t6/An-ZnPJiEhxprYqiLfTJW9XRXPaeG2dBjr79xYKyBtgdhdJGJVA0yZrOO36jcr6L5wD8XME5fbQ5cGtx60kU6lo3EE-7KgRHdDuv-VcqivZ8oxOIk2RU882xHUnZ0ZYejEmWFtEmrLJTa1txPpdtow?stp=s2048x1536&ccb=10-5&oh=00_AfCTI6YhhL6-dTe7Cwk9Y3R30Zr_inf7G8k3uJ_XbS6rCQ&oe=65B3246B&_nc_sid=201bca,https://scontent.fmnl30-2.fna.fbcdn.net/m1/v/t6/An9TGsMIYwpUQMHnk2AgpzsnyeYouht7eq-SoVGE_hqpCKKAOXlapK330gI9jNAS3gA1xn1oj-wBpNZEJylnrvsC8yMF_qfklE5oisPHYUQO_xAT9ofQSAQ8E4OSLprSs5k2rtzrcEAxVSy1WG3jAw?stp=s2048x1152&ccb=10-5&oh=00_AfDg2BvnoymTOQca0G99vjUIS8N1xexHMpboygJzHjKYZw&oe=65B34207&_nc_sid=201bca,0
https://scontent.fmnl30-2.fna.fbcdn.net/m1/v/t6/An-ZnPJiEhxprYqiLfTJW9XRXPaeG2dBjr79xYKyBtgdhdJGJVA0yZrOO36jcr6L5wD8XME5fbQ5cGtx60kU6lo3EE-7KgRHdDuv-VcqivZ8oxOIk2RU882xHUnZ0ZYejEmWFtEmrLJTa1txPpdtow?stp=s2048x1536&ccb=10-5&oh=00_AfCTI6YhhL6-dTe7Cwk9Y3R30Zr_inf7G8k3uJ_XbS6rCQ&oe=65B3246B&_nc_sid=201bca,https://scontent.fmnl30-2.fna.fbcdn.net/m1/v/t6/An8PQZKZXl7a-5NoTKmahtSHoUntNF0uIZJxvcnJeoEzf_dcLXSiZ4mIKW3BCU1_atgLM-570mnpAFEsU77VbflN0Xelera2lucbz4uwZ6rusigRVaoG2XZ2UADjfhFmC2bTCCjwDqx4uhMQaZC96YI?stp=s2048x1152&ccb=10-5&oh=00_AfB00D57gWoblSPYk-t3cKYdzPODdsC3WnUh923GdVbTRA&oe=65B31D6C&_nc_sid=201bca,0
https://scontent.fmnl30-2.fna.fbcdn.net/m1/v/t6/An-baovEV-ojU2_anWoge1B7sU1Eu-7uwUCv4tdgXVGFTTUh1581WS-c1aduoiA6NhS_LbEIVkiChg0uQv5YstnIIXWk9-a4rbmC__NmalHTZxdnPNBjyXaXp0k3pk76NOHHcWUm4rWKILBwbrqKlg?stp=s2048x1152&ccb=10-5&oh=00_AfCLUj5UsCziv26aodX-OfJQAVYQ1Dv7YJEb65UVwqG53Q&oe=65B31BE7&_nc_sid=201bca,https://scontent.fmnl30-2.fna.fbcdn.net/m1/v/t6/An_s-0zqp5MQy3MiQtZ2g7ANQaWWnwXsPP1MsrvmxEd-fx-libYa74TzhABov8aTbqz89CPbeLFQeStDYjnWzsE1KobpruJEpHR3LyH2tK3EUEZNtOHpj_5GSrknXjhE22wFXHCKrv_j083AQLu71g?stp=s2048x1152&ccb=10-5&oh=00_AfBYxYJyb5roPBa5NDSL8raoj4a_D72zlObjHT13VyM6fQ&oe=65B33E04&_nc_sid=201bca,0
https://scontent.fmnl30-2.fna.fbcdn.net/m1/v/t6/An-baovEV-ojU2_anWoge1B7sU1Eu-7uwUCv4tdgXVGFTTUh1581WS-c1aduoiA6NhS_LbEIVkiChg0uQv5YstnIIXWk9-a4rbmC__NmalHTZxdnPNBjyXaXp0k3pk76NOHHcWUm4rWKILBwbrqKlg?stp=s2048x1152&ccb=10-5&oh=00_AfCLUj5UsCziv26aodX-OfJQAVYQ1Dv7YJEb65UVwqG53Q&oe=65B31BE7&_nc_sid=201bca,https://scontent.fmnl30-2.fna.fbcdn.net/m1/v/t6/An_IwprwAcZKUjTIne_Oqb3yhDQ5ap-f2zC6gu4nE_q2NtTEE55O3cc-FELbgZaMs9iv5C_6YTJyXVUtLj5UqteJElpDglag6cq17-eXAkPSQFZ7lSXqyUtYaRp0sHkAJ_C-qw4HBIYPChIryTgJFmk?stp=s2048x1152&ccb=10-5&oh=00_AfD8X4fPRyMe_gkKPcJt05cdRhhVcNGhU1Nq2WUzKMaf_g&oe=65B3439A&_nc_sid=201bca,0
https://scontent.fmnl30-2.fna.fbcdn.net/m1/v/t6/An-baovEV-ojU2_anWoge1B7sU1Eu-7uwUCv4tdgXVGFTTUh1581WS-c1aduoiA6NhS_LbEIVkiChg0uQv5YstnIIXWk9-a4rbmC__NmalHTZxdnPNBjyXaXp0k3pk76NOHHcWUm4rWKILBwbrqKlg?stp=s2048x1152&ccb=10-5&oh=00_AfCLUj5UsCziv26aodX-OfJQAVYQ1Dv7YJEb65UVwqG53Q&oe=65B31BE7&_nc_sid=201bca,https://scontent.fmnl30-2.fna.fbcdn.net/m1/v/t6/An-aC9HaVwUc_X6J59bY6v-ptbvnK1zPtD08VAKdzPMMGNTVdnF2KTkZUYeWtujWagOw2lrKL6U1qM0dNHB0Jpnb0AId96noFTaM-7sjCyyUKizzhUmm8OGiF4_oIPyyGxyQ9pFJxrKacdD-2BhnNw?stp=s2048x1152&ccb=10-5&oh=00_AfDbm4vIX8HyJa_OHWi9jySHyNl_Ez1jhlATzIkU2hFBXg&oe=65B337E5&_nc_sid=201bca,0
https://scontent.fmnl30-2.fna.fbcdn.net/m1/v/t6/An-baovEV-ojU2_anWoge1B7sU1Eu-7uwUCv4tdgXVGFTTUh1581WS-c1aduoiA6NhS_LbEIVkiChg0uQv5YstnIIXWk9-a4rbmC__NmalHTZxdnPNBjyXaXp0k3pk76NOHHcWUm4rWKILBwbrqKlg?stp=s2048x1152&ccb=10-5&oh=00_AfCLUj5UsCziv26aodX-OfJQAVYQ1Dv7YJEb65UVwqG53Q&oe=65B31BE7&_nc_sid=201bca,https://scontent.fmnl30-2.fna.fbcdn.net/m1/v/t6/An-ZnPJiEhxprYqiLfTJW9XRXPaeG2dBjr79xYKyBtgdhdJGJVA0yZrOO36jcr6L5wD8XME5fbQ5cGtx60kU6lo3EE-7KgRHdDuv-VcqivZ8oxOIk2RU882xHUnZ0ZYejEmWFtEmrLJTa1txPpdtow?stp=s2048x1536&ccb=10-5&oh=00_AfCTI6YhhL6-dTe7Cwk9Y3R30Zr_inf7G8k3uJ_XbS6rCQ&oe=65B3246B&_nc_sid=201bca,0
https://scontent.fmnl30-2.fna.fbcdn.net/m1/v/t6/An-baovEV-ojU2_anWoge1B7sU1Eu-7uwUCv4tdgXVGFTTUh1581WS-c1aduoiA6NhS_LbEIVkiChg0uQv5YstnIIXWk9-a4rbmC__NmalHTZxdnPNBjyXaXp0k3pk76NOHHcWUm4rWKILBwbrqKlg?stp=s2048x1152&ccb=10-5&oh=00_AfCLUj5UsCziv26aodX-OfJQAVYQ1Dv7YJEb65UVwqG53Q&oe=65B31BE7&_nc_sid=201bca,https://scontent.fmnl30-2.fna.fbcdn.net/m1/v/t6/An-H56XFG-G7_SUR2llzEElswLZkvzi0fqhxH5hzQfHV-jCUXsGRM5FOIeUKs4QDhUuqshDdbH5c6M1m05PoN_csSafVYp0M3bMcKzLpWNyB39VDrJKirv2f9bBr9gARG8X7B5I3R7bjRazCXHUaopM?stp=s2048x1152&ccb=10-5&oh=00_AfA7lkMZCDIu8P-AIl1O27E4GUPJuZvV8Vk_OM44Xex6jA&oe=65B32B76&_nc_sid=201bca,0
https://scontent.fmnl30-2.fna.fbcdn.net/m1/v/t6/An-baovEV-ojU2_anWoge1B7sU1Eu-7uwUCv4tdgXVGFTTUh1581WS-c1aduoiA6NhS_LbEIVkiChg0uQv5YstnIIXWk9-a4rbmC__NmalHTZxdnPNBjyXaXp0k3pk76NOHHcWUm4rWKILBwbrqKlg?stp=s2048x1152&ccb=10-5&oh=00_AfCLUj5UsCziv26aodX-OfJQAVYQ1Dv7YJEb65UVwqG53Q&oe=65B31BE7&_nc_sid=201bca,https://scontent.fmnl30-2.fna.fbcdn.net/m1/v/t6/An9TGsMIYwpUQMHnk2AgpzsnyeYouht7eq-SoVGE_hqpCKKAOXlapK330gI9jNAS3gA1xn1oj-wBpNZEJylnrvsC8yMF_qfklE5oisPHYUQO_xAT9ofQSAQ8E4OSLprSs5k2rtzrcEAxVSy1WG3jAw?stp=s2048x1152&ccb=10-5&oh=00_AfDg2BvnoymTOQca0G99vjUIS8N1xexHMpboygJzHjKYZw&oe=65B34207&_nc_sid=201bca,0
https://scontent.fmnl30-2.fna.fbcdn.net/m1/v/t6/An-baovEV-ojU2_anWoge1B7sU1Eu-7uwUCv4tdgXVGFTTUh1581WS-c1aduoiA6NhS_LbEIVkiChg0uQv5YstnIIXWk9-a4rbmC__NmalHTZxdnPNBjyXaXp0k3pk76NOHHcWUm4rWKILBwbrqKlg?stp=s2048x1152&ccb=10-5&oh=00_AfCLUj5UsCziv26aodX-OfJQAVYQ1Dv7YJEb65UVwqG53Q&oe=65B31BE7&_nc_sid=201bca,https://scontent.fmnl30-2.fna.fbcdn.net/m1/v/t6/An8PQZKZXl7a-5NoTKmahtSHoUntNF0uIZJxvcnJeoEzf_dcLXSiZ4mIKW3BCU1_atgLM-570mnpAFEsU77VbflN0Xelera2lucbz4uwZ6rusigRVaoG2XZ2UADjfhFmC2bTCCjwDqx4uhMQaZC96YI?stp=s2048x1152&ccb=10-5&oh=00_AfB00D57gWoblSPYk-t3cKYdzPODdsC3WnUh923GdVbTRA&oe=65B31D6C&_nc_sid=201bca,0
https://scontent.fmnl30-2.fna.fbcdn.net/m1/v/t6/An-H56XFG-G7_SUR2llzEElswLZkvzi0fqhxH5hzQfHV-jCUXsGRM5FOIeUKs4QDhUuqshDdbH5c6M1m05PoN_csSafVYp0M3bMcKzLpWNyB39VDrJKirv2f9bBr9gARG8X7B5I3R7bjRazCXHUaopM?stp=s2048x1152&ccb=10-5&oh=00_AfA7lkMZCDIu8P-AIl1O27E4GUPJuZvV8Vk_OM44Xex6jA&oe=65B32B76&_nc_sid=201bca,https://scontent.fmnl30-2.fna.fbcdn.net/m1/v/t6/An_s-0zqp5MQy3MiQtZ2g7ANQaWWnwXsPP1MsrvmxEd-fx-libYa74TzhABov8aTbqz89CPbeLFQeStDYjnWzsE1KobpruJEpHR3LyH2tK3EUEZNtOHpj_5GSrknXjhE22wFXHCKrv_j083AQLu71g?stp=s2048x1152&ccb=10-5&oh=00_AfBYxYJyb5roPBa5NDSL8raoj4a_D72zlObjHT13VyM6fQ&oe=65B33E04&_nc_sid=201bca,0
https://scontent.fmnl30-2.fna.fbcdn.net/m1/v/t6/An-H56XFG-G7_SUR2llzEElswLZkvzi0fqhxH5hzQfHV-jCUXsGRM5FOIeUKs4QDhUuqshDdbH5c6M1m05PoN_csSafVYp0M3bMcKzLpWNyB39VDrJKirv2f9bBr9gARG8X7B5I3R7bjRazCXHUaopM?stp=s2048x1152&ccb=10-5&oh=00_AfA7lkMZCDIu8P-AIl1O27E4GUPJuZvV8Vk_OM44Xex6jA&oe=65B32B76&_nc_sid=201bca,https://scontent.fmnl30-2.fna.fbcdn.net/m1/v/t6/An_IwprwAcZKUjTIne_Oqb3yhDQ5ap-f2zC6gu4nE_q2NtTEE55O3cc-FELbgZaMs9iv5C_6YTJyXVUtLj5UqteJElpDglag6cq17-eXAkPSQFZ7lSXqyUtYaRp0sHkAJ_C-qw4HBIYPChIryTgJFmk?stp=s2048x1152&ccb=10-5&oh=00_AfD8X4fPRyMe_gkKPcJt05cdRhhVcNGhU1Nq2WUzKMaf_g&oe=65B3439A&_nc_sid=201bca,0
https://scontent.fmnl30-2.fna.fbcdn.net/m1/v/t6/An-H56XFG-G7_SUR2llzEElswLZkvzi0fqhxH5hzQfHV-jCUXsGRM5FOIeUKs4QDhUuqshDdbH5c6M1m05PoN_csSafVYp0M3bMcKzLpWNyB39VDrJKirv2f9bBr9gARG8X7B5I3R7bjRazCXHUaopM?stp=s2048x1152&ccb=10-5&oh=00_AfA7lkMZCDIu8P-AIl1O27E4GUPJuZvV8Vk_OM44Xex6jA&oe=65B32B76&_nc_sid=201bca,https://scontent.fmnl30-2.fna.fbcdn.net/m1/v/t6/An-aC9HaVwUc_X6J59bY6v-ptbvnK1zPtD08VAKdzPMMGNTVdnF2KTkZUYeWtujWagOw2lrKL6U1qM0dNHB0Jpnb0AId96noFTaM-7sjCyyUKizzhUmm8OGiF4_oIPyyGxyQ9pFJxrKacdD-2BhnNw?stp=s2048x1152&ccb=10-5&oh=00_AfDbm4vIX8HyJa_OHWi9jySHyNl_Ez1jhlATzIkU2hFBXg&oe=65B337E5&_nc_sid=201bca,0
https://scontent.fmnl30-2.fna.fbcdn.net/m1/v/t6/An-H56XFG-G7_SUR2llzEElswLZkvzi0fqhxH5hzQfHV-jCUXsGRM5FOIeUKs4QDhUuqshDdbH5c6M1m05PoN_csSafVYp0M3bMcKzLpWNyB39VDrJKirv2f9bBr9gARG8X7B5I3R7bjRazCXHUaopM?stp=s2048x1152&ccb=10-5&oh=00_AfA7lkMZCDIu8P-AIl1O27E4GUPJuZvV8Vk_OM44Xex6jA&oe=65B32B76&_nc_sid=201bca,https://scontent.fmnl30-2.fna.fbcdn.net/m1/v/t6/An-ZnPJiEhxprYqiLfTJW9XRXPaeG2dBjr79xYKyBtgdhdJGJVA0yZrOO36jcr6L5wD8XME5fbQ5cGtx60kU6lo3EE-7KgRHdDuv-VcqivZ8oxOIk2RU882xHUnZ0ZYejEmWFtEmrLJTa1txPpdtow?stp=s2048x1536&ccb=10-5&oh=00_AfCTI6YhhL6-dTe7Cwk9Y3R30Zr_inf7G8k3uJ_XbS6rCQ&oe=65B3246B&_nc_sid=201bca,0
https://scontent.fmnl30-2.fna.fbcdn.net/m1/v/t6/An-H56XFG-G7_SUR2llzEElswLZkvzi0fqhxH5hzQfHV-jCUXsGRM5FOIeUKs4QDhUuqshDdbH5c6M1m05PoN_csSafVYp0M3bMcKzLpWNyB39VDrJKirv2f9bBr9gARG8X7B5I3R7bjRazCXHUaopM?stp=s2048x1152&ccb=10-5&oh=00_AfA7lkMZCDIu8P-AIl1O27E4GUPJuZvV8Vk_OM44Xex6jA&oe=65B32B76&_nc_sid=201bca,https://scontent.fmnl30-2.fna.fbcdn.net/m1/v/t6/An-baovEV-ojU2_anWoge1B7sU1Eu-7uwUCv4tdgXVGFTTUh1581WS-c1aduoiA6NhS_LbEIVkiChg0uQv5YstnIIXWk9-a4rbmC__NmalHTZxdnPNBjyXaXp0k3pk76NOHHcWUm4rWKILBwbrqKlg?stp=s2048x1152&ccb=10-5&oh=00_AfCLUj5UsCziv26aodX-OfJQAVYQ1Dv7YJEb65UVwqG53Q&oe=65B31BE7&_nc_sid=201bca,0
https://scontent.fmnl30-2.fna.fbcdn.net/m1/v/t6/An-H56XFG-G7_SUR2llzEElswLZkvzi0fqhxH5hzQfHV-jCUXsGRM5FOIeUKs4QDhUuqshDdbH5c6M1m05PoN_csSafVYp0M3bMcKzLpWNyB39VDrJKirv2f9bBr9gARG8X7B5I3R7bjRazCXHUaopM?stp=s2048x1152&ccb=10-5&oh=00_AfA7lkMZCDIu8P-AIl1O27E4GUPJuZvV8Vk_OM44Xex6jA&oe=65B32B76&_nc_sid=201bca,https://scontent.fmnl30-2.fna.fbcdn.net/m1/v/t6/An9TGsMIYwpUQMHnk2AgpzsnyeYouht7eq-SoVGE_hqpCKKAOXlapK330gI9jNAS3gA1xn1oj-wBpNZEJylnrvsC8yMF_qfklE5oisPHYUQO_xAT9ofQSAQ8E4OSLprSs5k2rtzrcEAxVSy1WG3jAw?stp=s2048x1152&ccb=10-5&oh=00_AfDg2BvnoymTOQca0G99vjUIS8N1xexHMpboygJzHjKYZw&oe=65B34207&_nc_sid=201bca,0
https://scontent.fmnl30-2.fna.fbcdn.net/m1/v/t6/An-H56XFG-G7_SUR2llzEElswLZkvzi0fqhxH5hzQfHV-jCUXsGRM5FOIeUKs4QDhUuqshDdbH5c6M1m05PoN_csSafVYp0M3bMcKzLpWNyB39VDrJKirv2f9bBr9gARG8X7B5I3R7bjRazCXHUaopM?stp=s2048x1152&ccb=10-5&oh=00_AfA7lkMZCDIu8P-AIl1O27E4GUPJuZvV8Vk_OM44Xex6jA&oe=65B32B76&_nc_sid=201bca,https://scontent.fmnl30-2.fna.fbcdn.net/m1/v/t6/An8PQZKZXl7a-5NoTKmahtSHoUntNF0uIZJxvcnJeoEzf_dcLXSiZ4mIKW3BCU1_atgLM-570mnpAFEsU77VbflN0Xelera2lucbz4uwZ6rusigRVaoG2XZ2UADjfhFmC2bTCCjwDqx4uhMQaZC96YI?stp=s2048x1152&ccb=10-5&oh=00_AfB00D57gWoblSPYk-t3cKYdzPODdsC3WnUh923GdVbTRA&oe=65B31D6C&_nc_sid=201bca,0
https://scontent.fmnl30-2.fna.fbcdn.net/m1/v/t6/An9TGsMIYwpUQMHnk2AgpzsnyeYouht7eq-SoVGE_hqpCKKAOXlapK330gI9jNAS3gA1xn1oj-wBpNZEJylnrvsC8yMF_qfklE5oisPHYUQO_xAT9ofQSAQ8E4OSLprSs5k2rtzrcEAxVSy1WG3jAw?stp=s2048x1152&ccb=10-5&oh=00_AfDg2BvnoymTOQca0G99vjUIS8N1xexHMpboygJzHjKYZw&oe=65B34207&_nc_sid=201bca,https://scontent.fmnl30-2.fna.fbcdn.net/m1/v/t6/An_s-0zqp5MQy3MiQtZ2g7ANQaWWnwXsPP1MsrvmxEd-fx-libYa74TzhABov8aTbqz89CPbeLFQeStDYjnWzsE1KobpruJEpHR3LyH2tK3EUEZNtOHpj_5GSrknXjhE22wFXHCKrv_j083AQLu71g?stp=s2048x1152&ccb=10-5&oh=00_AfBYxYJyb5roPBa5NDSL8raoj4a_D72zlObjHT13VyM6fQ&oe=65B33E04&_nc_sid=201bca,0
https://scontent.fmnl30-2.fna.fbcdn.net/m1/v/t6/An9TGsMIYwpUQMHnk2AgpzsnyeYouht7eq-SoVGE_hqpCKKAOXlapK330gI9jNAS3gA1xn1oj-wBpNZEJylnrvsC8yMF_qfklE5oisPHYUQO_xAT9ofQSAQ8E4OSLprSs5k2rtzrcEAxVSy1WG3jAw?stp=s2048x1152&ccb=10-5&oh=00_AfDg2BvnoymTOQca0G99vjUIS8N1xexHMpboygJzHjKYZw&oe=65B34207&_nc_sid=201bca,https://scontent.fmnl30-2.fna.fbcdn.net/m1/v/t6/An_IwprwAcZKUjTIne_Oqb3yhDQ5ap-f2zC6gu4nE_q2NtTEE55O3cc-FELbgZaMs9iv5C_6YTJyXVUtLj5UqteJElpDglag6cq17-eXAkPSQFZ7lSXqyUtYaRp0sHkAJ_C-qw4HBIYPChIryTgJFmk?stp=s2048x1152&ccb=10-5&oh=00_AfD8X4fPRyMe_gkKPcJt05cdRhhVcNGhU1Nq2WUzKMaf_g&oe=65B3439A&_nc_sid=201bca,0
https://scontent.fmnl30-2.fna.fbcdn.net/m1/v/t6/An9TGsMIYwpUQMHnk2AgpzsnyeYouht7eq-SoVGE_hqpCKKAOXlapK330gI9jNAS3gA1xn1oj-wBpNZEJylnrvsC8yMF_qfklE5oisPHYUQO_xAT9ofQSAQ8E4OSLprSs5k2rtzrcEAxVSy1WG3jAw?stp=s2048x1152&ccb=10-5&oh=00_AfDg2BvnoymTOQca0G99vjUIS8N1xexHMpboygJzHjKYZw&oe=65B34207&_nc_sid=201bca,https://scontent.fmnl30-2.fna.fbcdn.net/m1/v/t6/An-aC9HaVwUc_X6J59bY6v-ptbvnK1zPtD08VAKdzPMMGNTVdnF2KTkZUYeWtujWagOw2lrKL6U1qM0dNHB0Jpnb0AId96noFTaM-7sjCyyUKizzhUmm8OGiF4_oIPyyGxyQ9pFJxrKacdD-2BhnNw?stp=s2048x1152&ccb=10-5&oh=00_AfDbm4vIX8HyJa_OHWi9jySHyNl_Ez1jhlATzIkU2hFBXg&oe=65B337E5&_nc_sid=201bca,0
https://scontent.fmnl30-2.fna.fbcdn.net/m1/v/t6/An9TGsMIYwpUQMHnk2AgpzsnyeYouht7eq-SoVGE_hqpCKKAOXlapK330gI9jNAS3gA1xn1oj-wBpNZEJylnrvsC8yMF_qfklE5oisPHYUQO_xAT9ofQSAQ8E4OSLprSs5k2rtzrcEAxVSy1WG3jAw?stp=s2048x1152&ccb=10-5&oh=00_AfDg2BvnoymTOQca0G99vjUIS8N1xexHMpboygJzHjKYZw&oe=65B34207&_nc_sid=201bca,https://scontent.fmnl30-2.fna.fbcdn.net/m1/v/t6/An-ZnPJiEhxprYqiLfTJW9XRXPaeG2dBjr79xYKyBtgdhdJGJVA0yZrOO36jcr6L5wD8XME5fbQ5cGtx60kU6lo3EE-7KgRHdDuv-VcqivZ8oxOIk2RU882xHUnZ0ZYejEmWFtEmrLJTa1txPpdtow?stp=s2048x1536&ccb=10-5&oh=00_AfCTI6YhhL6-dTe7Cwk9Y3R30Zr_inf7G8k3uJ_XbS6rCQ&oe=65B3246B&_nc_sid=201bca,0
https://scontent.fmnl30-2.fna.fbcdn.net/m1/v/t6/An9TGsMIYwpUQMHnk2AgpzsnyeYouht7eq-SoVGE_hqpCKKAOXlapK330gI9jNAS3gA1xn1oj-wBpNZEJylnrvsC8yMF_qfklE5oisPHYUQO_xAT9ofQSAQ8E4OSLprSs5k2rtzrcEAxVSy1WG3jAw?stp=s2048x1152&ccb=10-5&oh=00_AfDg2BvnoymTOQca0G99vjUIS8N1xexHMpboygJzHjKYZw&oe=65B34207&_nc_sid=201bca,https://scontent.fmnl30-2.fna.fbcdn.net/m1/v/t6/An-baovEV-ojU2_anWoge1B7sU1Eu-7uwUCv4tdgXVGFTTUh1581WS-c1aduoiA6NhS_LbEIVkiChg0uQv5YstnIIXWk9-a4rbmC__NmalHTZxdnPNBjyXaXp0k3pk76NOHHcWUm4rWKILBwbrqKlg?stp=s2048x1152&ccb=10-5&oh=00_AfCLUj5UsCziv26aodX-OfJQAVYQ1Dv7YJEb65UVwqG53Q&oe=65B31BE7&_nc_sid=201bca,0
https://scontent.fmnl30-2.fna.fbcdn.net/m1/v/t6/An9TGsMIYwpUQMHnk2AgpzsnyeYouht7eq-SoVGE_hqpCKKAOXlapK330gI9jNAS3gA1xn1oj-wBpNZEJylnrvsC8yMF_qfklE5oisPHYUQO_xAT9ofQSAQ8E4OSLprSs5k2rtzrcEAxVSy1WG3jAw?stp=s2048x1152&ccb=10-5&oh=00_AfDg2BvnoymTOQca0G99vjUIS8N1xexHMpboygJzHjKYZw&oe=65B34207&_nc_sid=201bca,https://scontent.fmnl30-2.fna.fbcdn.net/m1/v/t6/An-H56XFG-G7_SUR2llzEElswLZkvzi0fqhxH5hzQfHV-jCUXsGRM5FOIeUKs4QDhUuqshDdbH5c6M1m05PoN_csSafVYp0M3bMcKzLpWNyB39VDrJKirv2f9bBr9gARG8X7B5I3R7bjRazCXHUaopM?stp=s2048x1152&ccb=10-5&oh=00_AfA7lkMZCDIu8P-AIl1O27E4GUPJuZvV8Vk_OM44Xex6jA&oe=65B32B76&_nc_sid=201bca,0
https://scontent.fmnl30-2.fna.fbcdn.net/m1/v/t6/An9TGsMIYwpUQMHnk2AgpzsnyeYouht7eq-SoVGE_hqpCKKAOXlapK330gI9jNAS3gA1xn1oj-wBpNZEJylnrvsC8yMF_qfklE5oisPHYUQO_xAT9ofQSAQ8E4OSLprSs5k2rtzrcEAxVSy1WG3jAw?stp=s2048x1152&ccb=10-5&oh=00_AfDg2BvnoymTOQca0G99vjUIS8N1xexHMpboygJzHjKYZw&oe=65B34207&_nc_sid=201bca,https://scontent.fmnl30-2.fna.fbcdn.net/m1/v/t6/An8PQZKZXl7a-5NoTKmahtSHoUntNF0uIZJxvcnJeoEzf_dcLXSiZ4mIKW3BCU1_atgLM-570mnpAFEsU77VbflN0Xelera2lucbz4uwZ6rusigRVaoG2XZ2UADjfhFmC2bTCCjwDqx4uhMQaZC96YI?stp=s2048x1152&ccb=10-5&oh=00_AfB00D57gWoblSPYk-t3cKYdzPODdsC3WnUh923GdVbTRA&oe=65B31D6C&_nc_sid=201bca,0
https://scontent.fmnl30-2.fna.fbcdn.net/m1/v/t6/An8PQZKZXl7a-5NoTKmahtSHoUntNF0uIZJxvcnJeoEzf_dcLXSiZ4mIKW3BCU1_atgLM-570mnpAFEsU77VbflN0Xelera2lucbz4uwZ6rusigRVaoG2XZ2UADjfhFmC2bTCCjwDqx4uhMQaZC96YI?stp=s2048x1152&ccb=10-5&oh=00_AfB00D57gWoblSPYk-t3cKYdzPODdsC3WnUh923GdVbTRA&oe=65B31D6C&_nc_sid=201bca,https://scontent.fmnl30-2.fna.fbcdn.net/m1/v/t6/An_s-0zqp5MQy3MiQtZ2g7ANQaWWnwXsPP1MsrvmxEd-fx-libYa74TzhABov8aTbqz89CPbeLFQeStDYjnWzsE1KobpruJEpHR3LyH2tK3EUEZNtOHpj_5GSrknXjhE22wFXHCKrv_j083AQLu71g?stp=s2048x1152&ccb=10-5&oh=00_AfBYxYJyb5roPBa5NDSL8raoj4a_D72zlObjHT13VyM6fQ&oe=65B33E04&_nc_sid=201bca,0
https://scontent.fmnl30-2.fna.fbcdn.net/m1/v/t6/An8PQZKZXl7a-5NoTKmahtSHoUntNF0uIZJxvcnJeoEzf_dcLXSiZ4mIKW3BCU1_atgLM-570mnpAFEsU77VbflN0Xelera2lucbz4uwZ6rusigRVaoG2XZ2UADjfhFmC2bTCCjwDqx4uhMQaZC96YI?stp=s2048x1152&ccb=10-5&oh=00_AfB00D57gWoblSPYk-t3cKYdzPODdsC3WnUh923GdVbTRA&oe=65B31D6C&_nc_sid=201bca,https://scontent.fmnl30-2.fna.fbcdn.net/m1/v/t6/An_IwprwAcZKUjTIne_Oqb3yhDQ5ap-f2zC6gu4nE_q2NtTEE55O3cc-FELbgZaMs9iv5C_6YTJyXVUtLj5UqteJElpDglag6cq17-eXAkPSQFZ7lSXqyUtYaRp0sHkAJ_C-qw4HBIYPChIryTgJFmk?stp=s2048x1152&ccb=10-5&oh=00_AfD8X4fPRyMe_gkKPcJt05cdRhhVcNGhU1Nq2WUzKMaf_g&oe=65B3439A&_nc_sid=201bca,0
https://scontent.fmnl30-2.fna.fbcdn.net/m1/v/t6/An8PQZKZXl7a-5NoTKmahtSHoUntNF0uIZJxvcnJeoEzf_dcLXSiZ4mIKW3BCU1_atgLM-570mnpAFEsU77VbflN0Xelera2lucbz4uwZ6rusigRVaoG2XZ2UADjfhFmC2bTCCjwDqx4uhMQaZC96YI?stp=s2048x1152&ccb=10-5&oh=00_AfB00D57gWoblSPYk-t3cKYdzPODdsC3WnUh923GdVbTRA&oe=65B31D6C&_nc_sid=201bca,https://scontent.fmnl30-2.fna.fbcdn.net/m1/v/t6/An-aC9HaVwUc_X6J59bY6v-ptbvnK1zPtD08VAKdzPMMGNTVdnF2KTkZUYeWtujWagOw2lrKL6U1qM0dNHB0Jpnb0AId96noFTaM-7sjCyyUKizzhUmm8OGiF4_oIPyyGxyQ9pFJxrKacdD-2BhnNw?stp=s2048x1152&ccb=10-5&oh=00_AfDbm4vIX8HyJa_OHWi9jySHyNl_Ez1jhlATzIkU2hFBXg&oe=65B337E5&_nc_sid=201bca,0
https://scontent.fmnl30-2.fna.fbcdn.net/m1/v/t6/An8PQZKZXl7a-5NoTKmahtSHoUntNF0uIZJxvcnJeoEzf_dcLXSiZ4mIKW3BCU1_atgLM-570mnpAFEsU77VbflN0Xelera2lucbz4uwZ6rusigRVaoG2XZ2UADjfhFmC2bTCCjwDqx4uhMQaZC96YI?stp=s2048x1152&ccb=10-5&oh=00_AfB00D57gWoblSPYk-t3cKYdzPODdsC3WnUh923GdVbTRA&oe=65B31D6C&_nc_sid=201bca,https://scontent.fmnl30-2.fna.fbcdn.net/m1/v/t6/An-ZnPJiEhxprYqiLfTJW9XRXPaeG2dBjr79xYKyBtgdhdJGJVA0yZrOO36jcr6L5wD8XME5fbQ5cGtx60kU6lo3EE-7KgRHdDuv-VcqivZ8oxOIk2RU882xHUnZ0ZYejEmWFtEmrLJTa1txPpdtow?stp=s2048x1536&ccb=10-5&oh=00_AfCTI6YhhL6-dTe7Cwk9Y3R30Zr_inf7G8k3uJ_XbS6rCQ&oe=65B3246B&_nc_sid=201bca,0
https://scontent.fmnl30-2.fna.fbcdn.net/m1/v/t6/An8PQZKZXl7a-5NoTKmahtSHoUntNF0uIZJxvcnJeoEzf_dcLXSiZ4mIKW3BCU1_atgLM-570mnpAFEsU77VbflN0Xelera2lucbz4uwZ6rusigRVaoG2XZ2UADjfhFmC2bTCCjwDqx4uhMQaZC96YI?stp=s2048x1152&ccb=10-5&oh=00_AfB00D57gWoblSPYk-t3cKYdzPODdsC3WnUh923GdVbTRA&oe=65B31D6C&_nc_sid=201bca,https://scontent.fmnl30-2.fna.fbcdn.net/m1/v/t6/An-baovEV-ojU2_anWoge1B7sU1Eu-7uwUCv4tdgXVGFTTUh1581WS-c1aduoiA6NhS_LbEIVkiChg0uQv5YstnIIXWk9-a4rbmC__NmalHTZxdnPNBjyXaXp0k3pk76NOHHcWUm4rWKILBwbrqKlg?stp=s2048x1152&ccb=10-5&oh=00_AfCLUj5UsCziv26aodX-OfJQAVYQ1Dv7YJEb65UVwqG53Q&oe=65B31BE7&_nc_sid=201bca,0
https://scontent.fmnl30-2.fna.fbcdn.net/m1/v/t6/An8PQZKZXl7a-5NoTKmahtSHoUntNF0uIZJxvcnJeoEzf_dcLXSiZ4mIKW3BCU1_atgLM-570mnpAFEsU77VbflN0Xelera2lucbz4uwZ6rusigRVaoG2XZ2UADjfhFmC2bTCCjwDqx4uhMQaZC96YI?stp=s2048x1152&ccb=10-5&oh=00_AfB00D57gWoblSPYk-t3cKYdzPODdsC3WnUh923GdVbTRA&oe=65B31D6C&_nc_sid=201bca,https://scontent.fmnl30-2.fna.fbcdn.net/m1/v/t6/An-H56XFG-G7_SUR2llzEElswLZkvzi0fqhxH5hzQfHV-jCUXsGRM5FOIeUKs4QDhUuqshDdbH5c6M1m05PoN_csSafVYp0M3bMcKzLpWNyB39VDrJKirv2f9bBr9gARG8X7B5I3R7bjRazCXHUaopM?stp=s2048x1152&ccb=10-5&oh=00_AfA7lkMZCDIu8P-AIl1O27E4GUPJuZvV8Vk_OM44Xex6jA&oe=65B32B76&_nc_sid=201bca,0
https://scontent.fmnl30-2.fna.fbcdn.net/m1/v/t6/An8PQZKZXl7a-5NoTKmahtSHoUntNF0uIZJxvcnJeoEzf_dcLXSiZ4mIKW3BCU1_atgLM-570mnpAFEsU77VbflN0Xelera2lucbz4uwZ6rusigRVaoG2XZ2UADjfhFmC2bTCCjwDqx4uhMQaZC96YI?stp=s2048x1152&ccb=10-5&oh=00_AfB00D57gWoblSPYk-t3cKYdzPODdsC3WnUh923GdVbTRA&oe=65B31D6C&_nc_sid=201bca,https://scontent.fmnl30-2.fna.fbcdn.net/m1/v/t6/An9TGsMIYwpUQMHnk2AgpzsnyeYouht7eq-SoVGE_hqpCKKAOXlapK330gI9jNAS3gA1xn1oj-wBpNZEJylnrvsC8yMF_qfklE5oisPHYUQO_xAT9ofQSAQ8E4OSLprSs5k2rtzrcEAxVSy1WG3jAw?stp=s2048x1152&ccb=10-5&oh=00_AfDg2BvnoymTOQca0G99vjUIS8N1xexHMpboygJzHjKYZw&oe=65B34207&_nc_sid=201bca,0
https://scontent.fmnl30-2.fna.fbcdn.net/m1/v/t6/An_OP2vAjxR0IJ8mgV2J_IcASZzwElJvLooPfPOtU4DABTePyRcnwcU20Egs079Z6BbzguBkyh5HVR1OcZk3Gp4mupMT1nW-mKWTZ3te4TlPL6AeWPDJ82oi2aABdHI1Mwq47-o42sv-F6AKmr5XFg?stp=s2048x1152&ccb=10-5&oh=00_AfDsgswmu7uf0IYsVU6SKI3D3j-272Tfn1j0QN4CT8YJDA&oe=65B3335B&_nc_sid=201bca,https://scontent.fmnl30-2.fna.fbcdn.net/m1/v/t6/An_20xEH0LAS4PNcdAosbqgLLBtsONKY5DCSGSVYeR6gPjQOrxNvQJ-2mf-zX1hPCmajWtMZKcBa7-n5nqUsyWz3NrR7JpXqAngh4H1AUyxcr-MxCnlZqaGiG6vMrmPjTANynVrPsY4iECG-Sf-j4A?stp=s2048x1152&ccb=10-5&oh=00_AfBGVOLxZehSZNifviJgnp6VbTzplwi2TkqJb-Tntf4K3Q&oe=65B331FE&_nc_sid=201bca,0
https://scontent.fmnl30-2.fna.fbcdn.net/m1/v/t6/An_OP2vAjxR0IJ8mgV2J_IcASZzwElJvLooPfPOtU4DABTePyRcnwcU20Egs079Z6BbzguBkyh5HVR1OcZk3Gp4mupMT1nW-mKWTZ3te4TlPL6AeWPDJ82oi2aABdHI1Mwq47-o42sv-F6AKmr5XFg?stp=s2048x1152&ccb=10-5&oh=00_AfDsgswmu7uf0IYsVU6SKI3D3j-272Tfn1j0QN4CT8YJDA&oe=65B3335B&_nc_sid=201bca,https://scontent.fmnl30-2.fna.fbcdn.net/m1/v/t6/An-3VKSYL6J0NJkk9iDmzOda6LcTzBLCaBqAUshLaXrZOcwCOvD_tfXwxwbRHr9fcFl9BYbTxut6oRjb6tvviPQl3Cv6FO6ppjzfVFzjjzNJuKgnZveCdbIcKscGsNMA2l8MWuvTqsKkI-8yOeP_lQ?stp=s2048x1536&ccb=10-5&oh=00_AfBrZhzIYsql_ajEASAeg5K9pVIBNAuGMFyYhiqgBP6Mqg&oe=65B3347D&_nc_sid=201bca,0
https://scontent.fmnl30-2.fna.fbcdn.net/m1/v/t6/An_OP2vAjxR0IJ8mgV2J_IcASZzwElJvLooPfPOtU4DABTePyRcnwcU20Egs079Z6BbzguBkyh5HVR1OcZk3Gp4mupMT1nW-mKWTZ3te4TlPL6AeWPDJ82oi2aABdHI1Mwq47-o42sv-F6AKmr5XFg?stp=s2048x1152&ccb=10-5&oh=00_AfDsgswmu7uf0IYsVU6SKI3D3j-272Tfn1j0QN4CT8YJDA&oe=65B3335B&_nc_sid=201bca,https://scontent.fmnl30-2.fna.fbcdn.net/m1/v/t6/An9_b8G5_-F9xA-elnFqvHQ9tr5c7FeFBZj439hQUVaG-Af87DVY3jcZQUR7jl0xaMmdwagNvjTKn5-IM0qFMoRxNkPMgulSMH3FxoGUEVHHY84jSOi3sfU9MHtP8zqzMlDGhUowcAp-Xx3NtEJRBw?stp=s2048x1152&ccb=10-5&oh=00_AfD8GFBjzcQAs4WF3xXgSBV9dZdZZAoTOJYK4q8eulkyrg&oe=65B32982&_nc_sid=201bca,0
https://scontent.fmnl30-2.fna.fbcdn.net/m1/v/t6/An_OP2vAjxR0IJ8mgV2J_IcASZzwElJvLooPfPOtU4DABTePyRcnwcU20Egs079Z6BbzguBkyh5HVR1OcZk3Gp4mupMT1nW-mKWTZ3te4TlPL6AeWPDJ82oi2aABdHI1Mwq47-o42sv-F6AKmr5XFg?stp=s2048x1152&ccb=10-5&oh=00_AfDsgswmu7uf0IYsVU6SKI3D3j-272Tfn1j0QN4CT8YJDA&oe=65B3335B&_nc_sid=201bca,https://scontent.fmnl30-2.fna.fbcdn.net/m1/v/t6/An-D4wQlic21BxKgCzh03f0AhQRpijokyvi3py3Evw4HvqueLsamxEelCsdSei1EvCOx8lTz_OhsbB087GxOdFrMMHzb2FHWY8GopkL5yVo3mMT-mDBP9T60pa9l1aCzgxrG6KiBcj6wlquEig3Rww?stp=s2048x1152&ccb=10-5&oh=00_AfDhOtv_tj4U3217NGrqyEkfK3yQUhJZQ2WboAkjVo7glQ&oe=65B3302C&_nc_sid=201bca,0
https://scontent.fmnl30-2.fna.fbcdn.net/m1/v/t6/An_OP2vAjxR0IJ8mgV2J_IcASZzwElJvLooPfPOtU4DABTePyRcnwcU20Egs079Z6BbzguBkyh5HVR1OcZk3Gp4mupMT1nW-mKWTZ3te4TlPL6AeWPDJ82oi2aABdHI1Mwq47-o42sv-F6AKmr5XFg?stp=s2048x1152&ccb=10-5&oh=00_AfDsgswmu7uf0IYsVU6SKI3D3j-272Tfn1j0QN4CT8YJDA&oe=65B3335B&_nc_sid=201bca,https://scontent.fmnl30-2.fna.fbcdn.net/m1/v/t6/An-D4wQlic21BxKgCzh03f0AhQRpijokyvi3py3Evw4HvqueLsamxEelCsdSei1EvCOx8lTz_OhsbB087GxOdFrMMHzb2FHWY8GopkL5yVo3mMT-mDBP9T60pa9l1aCzgxrG6KiBcj6wlquEig3Rww?stp=s2048x1152&ccb=10-5&oh=00_AfDhOtv_tj4U3217NGrqyEkfK3yQUhJZQ2WboAkjVo7glQ&oe=65B3302C&_nc_sid=201bca,0
https://scontent.fmnl30-2.fna.fbcdn.net/m1/v/t6/An_OP2vAjxR0IJ8mgV2J_IcASZzwElJvLooPfPOtU4DABTePyRcnwcU20Egs079Z6BbzguBkyh5HVR1OcZk3Gp4mupMT1nW-mKWTZ3te4TlPL6AeWPDJ82oi2aABdHI1Mwq47-o42sv-F6AKmr5XFg?stp=s2048x1152&ccb=10-5&oh=00_AfDsgswmu7uf0IYsVU6SKI3D3j-272Tfn1j0QN4CT8YJDA&oe=65B3335B&_nc_sid=201bca,https://scontent.fmnl30-2.fna.fbcdn.net/m1/v/t6/An8wTkkClBCMT4hfkNEK5g55es14fdR6L73roqaBC2NTBOMhiD9ywSdgRzUYq4kPOUW_Hi5sYgqf1ole3uYIDhrBhiwb1nx6wE6JA7BXdR7IsdY3EaWzDaGxf3xuX0w58fTSGfQBN-5iW0xF_Znqjw?stp=s2048x1024&ccb=10-5&oh=00_AfBJhkW0d5cSIkGr6y_b7ifsUWfl_CDpB1lciQIlk3WNpg&oe=65B34563&_nc_sid=201bca,0
https://scontent.fmnl30-2.fna.fbcdn.net/m1/v/t6/An_OP2vAjxR0IJ8mgV2J_IcASZzwElJvLooPfPOtU4DABTePyRcnwcU20Egs079Z6BbzguBkyh5HVR1OcZk3Gp4mupMT1nW-mKWTZ3te4TlPL6AeWPDJ82oi2aABdHI1Mwq47-o42sv-F6AKmr5XFg?stp=s2048x1152&ccb=10-5&oh=00_AfDsgswmu7uf0IYsVU6SKI3D3j-272Tfn1j0QN4CT8YJDA&oe=65B3335B&_nc_sid=201bca,https://scontent.fmnl30-2.fna.fbcdn.net/m1/v/t6/An_QURYfjEoMqSuCzvewoktzi939LuieJDmyU9JOvfYvrQM4M0v6cBdRXTgZV9vRVpzrFNvJypeRvUyBTtzQpPzxLjk18DStKrZO86KFuaeEyjkbVxhFSjWu_9JluoNaZ9NtnD_onUSQjUUJ0LVf_w?stp=s2048x1536&ccb=10-5&oh=00_AfCGQ-pIVnvJISnRb2uwldXvYitJLRG7suzfcJypwdVPPQ&oe=65B340D0&_nc_sid=201bca,0
https://scontent.fmnl30-2.fna.fbcdn.net/m1/v/t6/An_OP2vAjxR0IJ8mgV2J_IcASZzwElJvLooPfPOtU4DABTePyRcnwcU20Egs079Z6BbzguBkyh5HVR1OcZk3Gp4mupMT1nW-mKWTZ3te4TlPL6AeWPDJ82oi2aABdHI1Mwq47-o42sv-F6AKmr5XFg?stp=s2048x1152&ccb=10-5&oh=00_AfDsgswmu7uf0IYsVU6SKI3D3j-272Tfn1j0QN4CT8YJDA&oe=65B3335B&_nc_sid=201bca,https://scontent.fmnl30-2.fna.fbcdn.net/m1/v/t6/An9yLh3pR_uTgTPQWhVPwB-YuO8-UzhL3AOi_ifdGH0mrpw1KnZNjU79ZuyKFsCOWSB0CxDXNbijfd5MnrOVJMA8IqKD5ycyyhUNDqFoEHkZngXLQ4QLftKQTTxUztUOY_jvD0pY4PatvBRTFix1Dg?stp=s2048x1152&ccb=10-5&oh=00_AfBzLerrkyD5UkcLxVp-iM8tR62q89M1yTrTNr9DGPQsjQ&oe=65B32FFF&_nc_sid=201bca,0
https://scontent.fmnl30-2.fna.fbcdn.net/m1/v/t6/An_20xEH0LAS4PNcdAosbqgLLBtsONKY5DCSGSVYeR6gPjQOrxNvQJ-2mf-zX1hPCmajWtMZKcBa7-n5nqUsyWz3NrR7JpXqAngh4H1AUyxcr-MxCnlZqaGiG6vMrmPjTANynVrPsY4iECG-Sf-j4A?stp=s2048x1152&ccb=10-5&oh=00_AfBGVOLxZehSZNifviJgnp6VbTzplwi2TkqJb-Tntf4K3Q&oe=65B331FE&_nc_sid=201bca,https://scontent.fmnl30-2.fna.fbcdn.net/m1/v/t6/An_OP2vAjxR0IJ8mgV2J_IcASZzwElJvLooPfPOtU4DABTePyRcnwcU20Egs079Z6BbzguBkyh5HVR1OcZk3Gp4mupMT1nW-mKWTZ3te4TlPL6AeWPDJ82oi2aABdHI1Mwq47-o42sv-F6AKmr5XFg?stp=s2048x1152&ccb=10-5&oh=00_AfDsgswmu7uf0IYsVU6SKI3D3j-272Tfn1j0QN4CT8YJDA&oe=65B3335B&_nc_sid=201bca,0
https://scontent.fmnl30-2.fna.fbcdn.net/m1/v/t6/An_20xEH0LAS4PNcdAosbqgLLBtsONKY5DCSGSVYeR6gPjQOrxNvQJ-2mf-zX1hPCmajWtMZKcBa7-n5nqUsyWz3NrR7JpXqAngh4H1AUyxcr-MxCnlZqaGiG6vMrmPjTANynVrPsY4iECG-Sf-j4A?stp=s2048x1152&ccb=10-5&oh=00_AfBGVOLxZehSZNifviJgnp6VbTzplwi2TkqJb-Tntf4K3Q&oe=65B331FE&_nc_sid=201bca,https://scontent.fmnl30-2.fna.fbcdn.net/m1/v/t6/An-3VKSYL6J0NJkk9iDmzOda6LcTzBLCaBqAUshLaXrZOcwCOvD_tfXwxwbRHr9fcFl9BYbTxut6oRjb6tvviPQl3Cv6FO6ppjzfVFzjjzNJuKgnZveCdbIcKscGsNMA2l8MWuvTqsKkI-8yOeP_lQ?stp=s2048x1536&ccb=10-5&oh=00_AfBrZhzIYsql_ajEASAeg5K9pVIBNAuGMFyYhiqgBP6Mqg&oe=65B3347D&_nc_sid=201bca,0
https://scontent.fmnl30-2.fna.fbcdn.net/m1/v/t6/An_20xEH0LAS4PNcdAosbqgLLBtsONKY5DCSGSVYeR6gPjQOrxNvQJ-2mf-zX1hPCmajWtMZKcBa7-n5nqUsyWz3NrR7JpXqAngh4H1AUyxcr-MxCnlZqaGiG6vMrmPjTANynVrPsY4iECG-Sf-j4A?stp=s2048x1152&ccb=10-5&oh=00_AfBGVOLxZehSZNifviJgnp6VbTzplwi2TkqJb-Tntf4K3Q&oe=65B331FE&_nc_sid=201bca,https://scontent.fmnl30-2.fna.fbcdn.net/m1/v/t6/An9_b8G5_-F9xA-elnFqvHQ9tr5c7FeFBZj439hQUVaG-Af87DVY3jcZQUR7jl0xaMmdwagNvjTKn5-IM0qFMoRxNkPMgulSMH3FxoGUEVHHY84jSOi3sfU9MHtP8zqzMlDGhUowcAp-Xx3NtEJRBw?stp=s2048x1152&ccb=10-5&oh=00_AfD8GFBjzcQAs4WF3xXgSBV9dZdZZAoTOJYK4q8eulkyrg&oe=65B32982&_nc_sid=201bca,0
https://scontent.fmnl30-2.fna.fbcdn.net/m1/v/t6/An_20xEH0LAS4PNcdAosbqgLLBtsONKY5DCSGSVYeR6gPjQOrxNvQJ-2mf-zX1hPCmajWtMZKcBa7-n5nqUsyWz3NrR7JpXqAngh4H1AUyxcr-MxCnlZqaGiG6vMrmPjTANynVrPsY4iECG-Sf-j4A?stp=s2048x1152&ccb=10-5&oh=00_AfBGVOLxZehSZNifviJgnp6VbTzplwi2TkqJb-Tntf4K3Q&oe=65B331FE&_nc_sid=201bca,https://scontent.fmnl30-2.fna.fbcdn.net/m1/v/t6/An-D4wQlic21BxKgCzh03f0AhQRpijokyvi3py3Evw4HvqueLsamxEelCsdSei1EvCOx8lTz_OhsbB087GxOdFrMMHzb2FHWY8GopkL5yVo3mMT-mDBP9T60pa9l1aCzgxrG6KiBcj6wlquEig3Rww?stp=s2048x1152&ccb=10-5&oh=00_AfDhOtv_tj4U3217NGrqyEkfK3yQUhJZQ2WboAkjVo7glQ&oe=65B3302C&_nc_sid=201bca,0
https://scontent.fmnl30-2.fna.fbcdn.net/m1/v/t6/An_20xEH0LAS4PNcdAosbqgLLBtsONKY5DCSGSVYeR6gPjQOrxNvQJ-2mf-zX1hPCmajWtMZKcBa7-n5nqUsyWz3NrR7JpXqAngh4H1AUyxcr-MxCnlZqaGiG6vMrmPjTANynVrPsY4iECG-Sf-j4A?stp=s2048x1152&ccb=10-5&oh=00_AfBGVOLxZehSZNifviJgnp6VbTzplwi2TkqJb-Tntf4K3Q&oe=65B331FE&_nc_sid=201bca,https://scontent.fmnl30-2.fna.fbcdn.net/m1/v/t6/An-D4wQlic21BxKgCzh03f0AhQRpijokyvi3py3Evw4HvqueLsamxEelCsdSei1EvCOx8lTz_OhsbB087GxOdFrMMHzb2FHWY8GopkL5yVo3mMT-mDBP9T60pa9l1aCzgxrG6KiBcj6wlquEig3Rww?stp=s2048x1152&ccb=10-5&oh=00_AfDhOtv_tj4U3217NGrqyEkfK3yQUhJZQ2WboAkjVo7glQ&oe=65B3302C&_nc_sid=201bca,0
https://scontent.fmnl30-2.fna.fbcdn.net/m1/v/t6/An_20xEH0LAS4PNcdAosbqgLLBtsONKY5DCSGSVYeR6gPjQOrxNvQJ-2mf-zX1hPCmajWtMZKcBa7-n5nqUsyWz3NrR7JpXqAngh4H1AUyxcr-MxCnlZqaGiG6vMrmPjTANynVrPsY4iECG-Sf-j4A?stp=s2048x1152&ccb=10-5&oh=00_AfBGVOLxZehSZNifviJgnp6VbTzplwi2TkqJb-Tntf4K3Q&oe=65B331FE&_nc_sid=201bca,https://scontent.fmnl30-2.fna.fbcdn.net/m1/v/t6/An8wTkkClBCMT4hfkNEK5g55es14fdR6L73roqaBC2NTBOMhiD9ywSdgRzUYq4kPOUW_Hi5sYgqf1ole3uYIDhrBhiwb1nx6wE6JA7BXdR7IsdY3EaWzDaGxf3xuX0w58fTSGfQBN-5iW0xF_Znqjw?stp=s2048x1024&ccb=10-5&oh=00_AfBJhkW0d5cSIkGr6y_b7ifsUWfl_CDpB1lciQIlk3WNpg&oe=65B34563&_nc_sid=201bca,0
https://scontent.fmnl30-2.fna.fbcdn.net/m1/v/t6/An_20xEH0LAS4PNcdAosbqgLLBtsONKY5DCSGSVYeR6gPjQOrxNvQJ-2mf-zX1hPCmajWtMZKcBa7-n5nqUsyWz3NrR7JpXqAngh4H1AUyxcr-MxCnlZqaGiG6vMrmPjTANynVrPsY4iECG-Sf-j4A?stp=s2048x1152&ccb=10-5&oh=00_AfBGVOLxZehSZNifviJgnp6VbTzplwi2TkqJb-Tntf4K3Q&oe=65B331FE&_nc_sid=201bca,https://scontent.fmnl30-2.fna.fbcdn.net/m1/v/t6/An_QURYfjEoMqSuCzvewoktzi939LuieJDmyU9JOvfYvrQM4M0v6cBdRXTgZV9vRVpzrFNvJypeRvUyBTtzQpPzxLjk18DStKrZO86KFuaeEyjkbVxhFSjWu_9JluoNaZ9NtnD_onUSQjUUJ0LVf_w?stp=s2048x1536&ccb=10-5&oh=00_AfCGQ-pIVnvJISnRb2uwldXvYitJLRG7suzfcJypwdVPPQ&oe=65B340D0&_nc_sid=201bca,0
https://scontent.fmnl30-2.fna.fbcdn.net/m1/v/t6/An_20xEH0LAS4PNcdAosbqgLLBtsONKY5DCSGSVYeR6gPjQOrxNvQJ-2mf-zX1hPCmajWtMZKcBa7-n5nqUsyWz3NrR7JpXqAngh4H1AUyxcr-MxCnlZqaGiG6vMrmPjTANynVrPsY4iECG-Sf-j4A?stp=s2048x1152&ccb=10-5&oh=00_AfBGVOLxZehSZNifviJgnp6VbTzplwi2TkqJb-Tntf4K3Q&oe=65B331FE&_nc_sid=201bca,https://scontent.fmnl30-2.fna.fbcdn.net/m1/v/t6/An9yLh3pR_uTgTPQWhVPwB-YuO8-UzhL3AOi_ifdGH0mrpw1KnZNjU79ZuyKFsCOWSB0CxDXNbijfd5MnrOVJMA8IqKD5ycyyhUNDqFoEHkZngXLQ4QLftKQTTxUztUOY_jvD0pY4PatvBRTFix1Dg?stp=s2048x1152&ccb=10-5&oh=00_AfBzLerrkyD5UkcLxVp-iM8tR62q89M1yTrTNr9DGPQsjQ&oe=65B32FFF&_nc_sid=201bca,0
https://scontent.fmnl30-2.fna.fbcdn.net/m1/v/t6/An-3VKSYL6J0NJkk9iDmzOda6LcTzBLCaBqAUshLaXrZOcwCOvD_tfXwxwbRHr9fcFl9BYbTxut6oRjb6tvviPQl3Cv6FO6ppjzfVFzjjzNJuKgnZveCdbIcKscGsNMA2l8MWuvTqsKkI-8yOeP_lQ?stp=s2048x1536&ccb=10-5&oh=00_AfBrZhzIYsql_ajEASAeg5K9pVIBNAuGMFyYhiqgBP6Mqg&oe=65B3347D&_nc_sid=201bca,https://scontent.fmnl30-2.fna.fbcdn.net/m1/v/t6/An_OP2vAjxR0IJ8mgV2J_IcASZzwElJvLooPfPOtU4DABTePyRcnwcU20Egs079Z6BbzguBkyh5HVR1OcZk3Gp4mupMT1nW-mKWTZ3te4TlPL6AeWPDJ82oi2aABdHI1Mwq47-o42sv-F6AKmr5XFg?stp=s2048x1152&ccb=10-5&oh=00_AfDsgswmu7uf0IYsVU6SKI3D3j-272Tfn1j0QN4CT8YJDA&oe=65B3335B&_nc_sid=201bca,0
https://scontent.fmnl30-2.fna.fbcdn.net/m1/v/t6/An-3VKSYL6J0NJkk9iDmzOda6LcTzBLCaBqAUshLaXrZOcwCOvD_tfXwxwbRHr9fcFl9BYbTxut6oRjb6tvviPQl3Cv6FO6ppjzfVFzjjzNJuKgnZveCdbIcKscGsNMA2l8MWuvTqsKkI-8yOeP_lQ?stp=s2048x1536&ccb=10-5&oh=00_AfBrZhzIYsql_ajEASAeg5K9pVIBNAuGMFyYhiqgBP6Mqg&oe=65B3347D&_nc_sid=201bca,https://scontent.fmnl30-2.fna.fbcdn.net/m1/v/t6/An_20xEH0LAS4PNcdAosbqgLLBtsONKY5DCSGSVYeR6gPjQOrxNvQJ-2mf-zX1hPCmajWtMZKcBa7-n5nqUsyWz3NrR7JpXqAngh4H1AUyxcr-MxCnlZqaGiG6vMrmPjTANynVrPsY4iECG-Sf-j4A?stp=s2048x1152&ccb=10-5&oh=00_AfBGVOLxZehSZNifviJgnp6VbTzplwi2TkqJb-Tntf4K3Q&oe=65B331FE&_nc_sid=201bca,0
https://scontent.fmnl30-2.fna.fbcdn.net/m1/v/t6/An-3VKSYL6J0NJkk9iDmzOda6LcTzBLCaBqAUshLaXrZOcwCOvD_tfXwxwbRHr9fcFl9BYbTxut6oRjb6tvviPQl3Cv6FO6ppjzfVFzjjzNJuKgnZveCdbIcKscGsNMA2l8MWuvTqsKkI-8yOeP_lQ?stp=s2048x1536&ccb=10-5&oh=00_AfBrZhzIYsql_ajEASAeg5K9pVIBNAuGMFyYhiqgBP6Mqg&oe=65B3347D&_nc_sid=201bca,https://scontent.fmnl30-2.fna.fbcdn.net/m1/v/t6/An9_b8G5_-F9xA-elnFqvHQ9tr5c7FeFBZj439hQUVaG-Af87DVY3jcZQUR7jl0xaMmdwagNvjTKn5-IM0qFMoRxNkPMgulSMH3FxoGUEVHHY84jSOi3sfU9MHtP8zqzMlDGhUowcAp-Xx3NtEJRBw?stp=s2048x1152&ccb=10-5&oh=00_AfD8GFBjzcQAs4WF3xXgSBV9dZdZZAoTOJYK4q8eulkyrg&oe=65B32982&_nc_sid=201bca,0
https://scontent.fmnl30-2.fna.fbcdn.net/m1/v/t6/An-3VKSYL6J0NJkk9iDmzOda6LcTzBLCaBqAUshLaXrZOcwCOvD_tfXwxwbRHr9fcFl9BYbTxut6oRjb6tvviPQl3Cv6FO6ppjzfVFzjjzNJuKgnZveCdbIcKscGsNMA2l8MWuvTqsKkI-8yOeP_lQ?stp=s2048x1536&ccb=10-5&oh=00_AfBrZhzIYsql_ajEASAeg5K9pVIBNAuGMFyYhiqgBP6Mqg&oe=65B3347D&_nc_sid=201bca,https://scontent.fmnl30-2.fna.fbcdn.net/m1/v/t6/An-D4wQlic21BxKgCzh03f0AhQRpijokyvi3py3Evw4HvqueLsamxEelCsdSei1EvCOx8lTz_OhsbB087GxOdFrMMHzb2FHWY8GopkL5yVo3mMT-mDBP9T60pa9l1aCzgxrG6KiBcj6wlquEig3Rww?stp=s2048x1152&ccb=10-5&oh=00_AfDhOtv_tj4U3217NGrqyEkfK3yQUhJZQ2WboAkjVo7glQ&oe=65B3302C&_nc_sid=201bca,0
https://scontent.fmnl30-2.fna.fbcdn.net/m1/v/t6/An-3VKSYL6J0NJkk9iDmzOda6LcTzBLCaBqAUshLaXrZOcwCOvD_tfXwxwbRHr9fcFl9BYbTxut6oRjb6tvviPQl3Cv6FO6ppjzfVFzjjzNJuKgnZveCdbIcKscGsNMA2l8MWuvTqsKkI-8yOeP_lQ?stp=s2048x1536&ccb=10-5&oh=00_AfBrZhzIYsql_ajEASAeg5K9pVIBNAuGMFyYhiqgBP6Mqg&oe=65B3347D&_nc_sid=201bca,https://scontent.fmnl30-2.fna.fbcdn.net/m1/v/t6/An-D4wQlic21BxKgCzh03f0AhQRpijokyvi3py3Evw4HvqueLsamxEelCsdSei1EvCOx8lTz_OhsbB087GxOdFrMMHzb2FHWY8GopkL5yVo3mMT-mDBP9T60pa9l1aCzgxrG6KiBcj6wlquEig3Rww?stp=s2048x1152&ccb=10-5&oh=00_AfDhOtv_tj4U3217NGrqyEkfK3yQUhJZQ2WboAkjVo7glQ&oe=65B3302C&_nc_sid=201bca,0
https://scontent.fmnl30-2.fna.fbcdn.net/m1/v/t6/An-3VKSYL6J0NJkk9iDmzOda6LcTzBLCaBqAUshLaXrZOcwCOvD_tfXwxwbRHr9fcFl9BYbTxut6oRjb6tvviPQl3Cv6FO6ppjzfVFzjjzNJuKgnZveCdbIcKscGsNMA2l8MWuvTqsKkI-8yOeP_lQ?stp=s2048x1536&ccb=10-5&oh=00_AfBrZhzIYsql_ajEASAeg5K9pVIBNAuGMFyYhiqgBP6Mqg&oe=65B3347D&_nc_sid=201bca,https://scontent.fmnl30-2.fna.fbcdn.net/m1/v/t6/An8wTkkClBCMT4hfkNEK5g55es14fdR6L73roqaBC2NTBOMhiD9ywSdgRzUYq4kPOUW_Hi5sYgqf1ole3uYIDhrBhiwb1nx6wE6JA7BXdR7IsdY3EaWzDaGxf3xuX0w58fTSGfQBN-5iW0xF_Znqjw?stp=s2048x1024&ccb=10-5&oh=00_AfBJhkW0d5cSIkGr6y_b7ifsUWfl_CDpB1lciQIlk3WNpg&oe=65B34563&_nc_sid=201bca,0
https://scontent.fmnl30-2.fna.fbcdn.net/m1/v/t6/An-3VKSYL6J0NJkk9iDmzOda6LcTzBLCaBqAUshLaXrZOcwCOvD_tfXwxwbRHr9fcFl9BYbTxut6oRjb6tvviPQl3Cv6FO6ppjzfVFzjjzNJuKgnZveCdbIcKscGsNMA2l8MWuvTqsKkI-8yOeP_lQ?stp=s2048x1536&ccb=10-5&oh=00_AfBrZhzIYsql_ajEASAeg5K9pVIBNAuGMFyYhiqgBP6Mqg&oe=65B3347D&_nc_sid=201bca,https://scontent.fmnl30-2.fna.fbcdn.net/m1/v/t6/An_QURYfjEoMqSuCzvewoktzi939LuieJDmyU9JOvfYvrQM4M0v6cBdRXTgZV9vRVpzrFNvJypeRvUyBTtzQpPzxLjk18DStKrZO86KFuaeEyjkbVxhFSjWu_9JluoNaZ9NtnD_onUSQjUUJ0LVf_w?stp=s2048x1536&ccb=10-5&oh=00_AfCGQ-pIVnvJISnRb2uwldXvYitJLRG7suzfcJypwdVPPQ&oe=65B340D0&_nc_sid=201bca,0
https://scontent.fmnl30-2.fna.fbcdn.net/m1/v/t6/An-3VKSYL6J0NJkk9iDmzOda6LcTzBLCaBqAUshLaXrZOcwCOvD_tfXwxwbRHr9fcFl9BYbTxut6oRjb6tvviPQl3Cv6FO6ppjzfVFzjjzNJuKgnZveCdbIcKscGsNMA2l8MWuvTqsKkI-8yOeP_lQ?stp=s2048x1536&ccb=10-5&oh=00_AfBrZhzIYsql_ajEASAeg5K9pVIBNAuGMFyYhiqgBP6Mqg&oe=65B3347D&_nc_sid=201bca,https://scontent.fmnl30-2.fna.fbcdn.net/m1/v/t6/An9yLh3pR_uTgTPQWhVPwB-YuO8-UzhL3AOi_ifdGH0mrpw1KnZNjU79ZuyKFsCOWSB0CxDXNbijfd5MnrOVJMA8IqKD5ycyyhUNDqFoEHkZngXLQ4QLftKQTTxUztUOY_jvD0pY4PatvBRTFix1Dg?stp=s2048x1152&ccb=10-5&oh=00_AfBzLerrkyD5UkcLxVp-iM8tR62q89M1yTrTNr9DGPQsjQ&oe=65B32FFF&_nc_sid=201bca,0
https://scontent.fmnl30-2.fna.fbcdn.net/m1/v/t6/An9_b8G5_-F9xA-elnFqvHQ9tr5c7FeFBZj439hQUVaG-Af87DVY3jcZQUR7jl0xaMmdwagNvjTKn5-IM0qFMoRxNkPMgulSMH3FxoGUEVHHY84jSOi3sfU9MHtP8zqzMlDGhUowcAp-Xx3NtEJRBw?stp=s2048x1152&ccb=10-5&oh=00_AfD8GFBjzcQAs4WF3xXgSBV9dZdZZAoTOJYK4q8eulkyrg&oe=65B32982&_nc_sid=201bca,https://scontent.fmnl30-2.fna.fbcdn.net/m1/v/t6/An_OP2vAjxR0IJ8mgV2J_IcASZzwElJvLooPfPOtU4DABTePyRcnwcU20Egs079Z6BbzguBkyh5HVR1OcZk3Gp4mupMT1nW-mKWTZ3te4TlPL6AeWPDJ82oi2aABdHI1Mwq47-o42sv-F6AKmr5XFg?stp=s2048x1152&ccb=10-5&oh=00_AfDsgswmu7uf0IYsVU6SKI3D3j-272Tfn1j0QN4CT8YJDA&oe=65B3335B&_nc_sid=201bca,0
https://scontent.fmnl30-2.fna.fbcdn.net/m1/v/t6/An9_b8G5_-F9xA-elnFqvHQ9tr5c7FeFBZj439hQUVaG-Af87DVY3jcZQUR7jl0xaMmdwagNvjTKn5-IM0qFMoRxNkPMgulSMH3FxoGUEVHHY84jSOi3sfU9MHtP8zqzMlDGhUowcAp-Xx3NtEJRBw?stp=s2048x1152&ccb=10-5&oh=00_AfD8GFBjzcQAs4WF3xXgSBV9dZdZZAoTOJYK4q8eulkyrg&oe=65B32982&_nc_sid=201bca,https://scontent.fmnl30-2.fna.fbcdn.net/m1/v/t6/An_20xEH0LAS4PNcdAosbqgLLBtsONKY5DCSGSVYeR6gPjQOrxNvQJ-2mf-zX1hPCmajWtMZKcBa7-n5nqUsyWz3NrR7JpXqAngh4H1AUyxcr-MxCnlZqaGiG6vMrmPjTANynVrPsY4iECG-Sf-j4A?stp=s2048x1152&ccb=10-5&oh=00_AfBGVOLxZehSZNifviJgnp6VbTzplwi2TkqJb-Tntf4K3Q&oe=65B331FE&_nc_sid=201bca,0
https://scontent.fmnl30-2.fna.fbcdn.net/m1/v/t6/An9_b8G5_-F9xA-elnFqvHQ9tr5c7FeFBZj439hQUVaG-Af87DVY3jcZQUR7jl0xaMmdwagNvjTKn5-IM0qFMoRxNkPMgulSMH3FxoGUEVHHY84jSOi3sfU9MHtP8zqzMlDGhUowcAp-Xx3NtEJRBw?stp=s2048x1152&ccb=10-5&oh=00_AfD8GFBjzcQAs4WF3xXgSBV9dZdZZAoTOJYK4q8eulkyrg&oe=65B32982&_nc_sid=201bca,https://scontent.fmnl30-2.fna.fbcdn.net/m1/v/t6/An-3VKSYL6J0NJkk9iDmzOda6LcTzBLCaBqAUshLaXrZOcwCOvD_tfXwxwbRHr9fcFl9BYbTxut6oRjb6tvviPQl3Cv6FO6ppjzfVFzjjzNJuKgnZveCdbIcKscGsNMA2l8MWuvTqsKkI-8yOeP_lQ?stp=s2048x1536&ccb=10-5&oh=00_AfBrZhzIYsql_ajEASAeg5K9pVIBNAuGMFyYhiqgBP6Mqg&oe=65B3347D&_nc_sid=201bca,0
https://scontent.fmnl30-2.fna.fbcdn.net/m1/v/t6/An9_b8G5_-F9xA-elnFqvHQ9tr5c7FeFBZj439hQUVaG-Af87DVY3jcZQUR7jl0xaMmdwagNvjTKn5-IM0qFMoRxNkPMgulSMH3FxoGUEVHHY84jSOi3sfU9MHtP8zqzMlDGhUowcAp-Xx3NtEJRBw?stp=s2048x1152&ccb=10-5&oh=00_AfD8GFBjzcQAs4WF3xXgSBV9dZdZZAoTOJYK4q8eulkyrg&oe=65B32982&_nc_sid=201bca,https://scontent.fmnl30-2.fna.fbcdn.net/m1/v/t6/An-D4wQlic21BxKgCzh03f0AhQRpijokyvi3py3Evw4HvqueLsamxEelCsdSei1EvCOx8lTz_OhsbB087GxOdFrMMHzb2FHWY8GopkL5yVo3mMT-mDBP9T60pa9l1aCzgxrG6KiBcj6wlquEig3Rww?stp=s2048x1152&ccb=10-5&oh=00_AfDhOtv_tj4U3217NGrqyEkfK3yQUhJZQ2WboAkjVo7glQ&oe=65B3302C&_nc_sid=201bca,0
https://scontent.fmnl30-2.fna.fbcdn.net/m1/v/t6/An9_b8G5_-F9xA-elnFqvHQ9tr5c7FeFBZj439hQUVaG-Af87DVY3jcZQUR7jl0xaMmdwagNvjTKn5-IM0qFMoRxNkPMgulSMH3FxoGUEVHHY84jSOi3sfU9MHtP8zqzMlDGhUowcAp-Xx3NtEJRBw?stp=s2048x1152&ccb=10-5&oh=00_AfD8GFBjzcQAs4WF3xXgSBV9dZdZZAoTOJYK4q8eulkyrg&oe=65B32982&_nc_sid=201bca,https://scontent.fmnl30-2.fna.fbcdn.net/m1/v/t6/An-D4wQlic21BxKgCzh03f0AhQRpijokyvi3py3Evw4HvqueLsamxEelCsdSei1EvCOx8lTz_OhsbB087GxOdFrMMHzb2FHWY8GopkL5yVo3mMT-mDBP9T60pa9l1aCzgxrG6KiBcj6wlquEig3Rww?stp=s2048x1152&ccb=10-5&oh=00_AfDhOtv_tj4U3217NGrqyEkfK3yQUhJZQ2WboAkjVo7glQ&oe=65B3302C&_nc_sid=201bca,0
https://scontent.fmnl30-2.fna.fbcdn.net/m1/v/t6/An9_b8G5_-F9xA-elnFqvHQ9tr5c7FeFBZj439hQUVaG-Af87DVY3jcZQUR7jl0xaMmdwagNvjTKn5-IM0qFMoRxNkPMgulSMH3FxoGUEVHHY84jSOi3sfU9MHtP8zqzMlDGhUowcAp-Xx3NtEJRBw?stp=s2048x1152&ccb=10-5&oh=00_AfD8GFBjzcQAs4WF3xXgSBV9dZdZZAoTOJYK4q8eulkyrg&oe=65B32982&_nc_sid=201bca,https://scontent.fmnl30-2.fna.fbcdn.net/m1/v/t6/An8wTkkClBCMT4hfkNEK5g55es14fdR6L73roqaBC2NTBOMhiD9ywSdgRzUYq4kPOUW_Hi5sYgqf1ole3uYIDhrBhiwb1nx6wE6JA7BXdR7IsdY3EaWzDaGxf3xuX0w58fTSGfQBN-5iW0xF_Znqjw?stp=s2048x1024&ccb=10-5&oh=00_AfBJhkW0d5cSIkGr6y_b7ifsUWfl_CDpB1lciQIlk3WNpg&oe=65B34563&_nc_sid=201bca,0
https://scontent.fmnl30-2.fna.fbcdn.net/m1/v/t6/An9_b8G5_-F9xA-elnFqvHQ9tr5c7FeFBZj439hQUVaG-Af87DVY3jcZQUR7jl0xaMmdwagNvjTKn5-IM0qFMoRxNkPMgulSMH3FxoGUEVHHY84jSOi3sfU9MHtP8zqzMlDGhUowcAp-Xx3NtEJRBw?stp=s2048x1152&ccb=10-5&oh=00_AfD8GFBjzcQAs4WF3xXgSBV9dZdZZAoTOJYK4q8eulkyrg&oe=65B32982&_nc_sid=201bca,https://scontent.fmnl30-2.fna.fbcdn.net/m1/v/t6/An_QURYfjEoMqSuCzvewoktzi939LuieJDmyU9JOvfYvrQM4M0v6cBdRXTgZV9vRVpzrFNvJypeRvUyBTtzQpPzxLjk18DStKrZO86KFuaeEyjkbVxhFSjWu_9JluoNaZ9NtnD_onUSQjUUJ0LVf_w?stp=s2048x1536&ccb=10-5&oh=00_AfCGQ-pIVnvJISnRb2uwldXvYitJLRG7suzfcJypwdVPPQ&oe=65B340D0&_nc_sid=201bca,0
https://scontent.fmnl30-2.fna.fbcdn.net/m1/v/t6/An9_b8G5_-F9xA-elnFqvHQ9tr5c7FeFBZj439hQUVaG-Af87DVY3jcZQUR7jl0xaMmdwagNvjTKn5-IM0qFMoRxNkPMgulSMH3FxoGUEVHHY84jSOi3sfU9MHtP8zqzMlDGhUowcAp-Xx3NtEJRBw?stp=s2048x1152&ccb=10-5&oh=00_AfD8GFBjzcQAs4WF3xXgSBV9dZdZZAoTOJYK4q8eulkyrg&oe=65B32982&_nc_sid=201bca,https://scontent.fmnl30-2.fna.fbcdn.net/m1/v/t6/An9yLh3pR_uTgTPQWhVPwB-YuO8-UzhL3AOi_ifdGH0mrpw1KnZNjU79ZuyKFsCOWSB0CxDXNbijfd5MnrOVJMA8IqKD5ycyyhUNDqFoEHkZngXLQ4QLftKQTTxUztUOY_jvD0pY4PatvBRTFix1Dg?stp=s2048x1152&ccb=10-5&oh=00_AfBzLerrkyD5UkcLxVp-iM8tR62q89M1yTrTNr9DGPQsjQ&oe=65B32FFF&_nc_sid=201bca,0
https://scontent.fmnl30-2.fna.fbcdn.net/m1/v/t6/An-D4wQlic21BxKgCzh03f0AhQRpijokyvi3py3Evw4HvqueLsamxEelCsdSei1EvCOx8lTz_OhsbB087GxOdFrMMHzb2FHWY8GopkL5yVo3mMT-mDBP9T60pa9l1aCzgxrG6KiBcj6wlquEig3Rww?stp=s2048x1152&ccb=10-5&oh=00_AfDhOtv_tj4U3217NGrqyEkfK3yQUhJZQ2WboAkjVo7glQ&oe=65B3302C&_nc_sid=201bca,https://scontent.fmnl30-2.fna.fbcdn.net/m1/v/t6/An_OP2vAjxR0IJ8mgV2J_IcASZzwElJvLooPfPOtU4DABTePyRcnwcU20Egs079Z6BbzguBkyh5HVR1OcZk3Gp4mupMT1nW-mKWTZ3te4TlPL6AeWPDJ82oi2aABdHI1Mwq47-o42sv-F6AKmr5XFg?stp=s2048x1152&ccb=10-5&oh=00_AfDsgswmu7uf0IYsVU6SKI3D3j-272Tfn1j0QN4CT8YJDA&oe=65B3335B&_nc_sid=201bca,0
https://scontent.fmnl30-2.fna.fbcdn.net/m1/v/t6/An-D4wQlic21BxKgCzh03f0AhQRpijokyvi3py3Evw4HvqueLsamxEelCsdSei1EvCOx8lTz_OhsbB087GxOdFrMMHzb2FHWY8GopkL5yVo3mMT-mDBP9T60pa9l1aCzgxrG6KiBcj6wlquEig3Rww?stp=s2048x1152&ccb=10-5&oh=00_AfDhOtv_tj4U3217NGrqyEkfK3yQUhJZQ2WboAkjVo7glQ&oe=65B3302C&_nc_sid=201bca,https://scontent.fmnl30-2.fna.fbcdn.net/m1/v/t6/An_20xEH0LAS4PNcdAosbqgLLBtsONKY5DCSGSVYeR6gPjQOrxNvQJ-2mf-zX1hPCmajWtMZKcBa7-n5nqUsyWz3NrR7JpXqAngh4H1AUyxcr-MxCnlZqaGiG6vMrmPjTANynVrPsY4iECG-Sf-j4A?stp=s2048x1152&ccb=10-5&oh=00_AfBGVOLxZehSZNifviJgnp6VbTzplwi2TkqJb-Tntf4K3Q&oe=65B331FE&_nc_sid=201bca,0
https://scontent.fmnl30-2.fna.fbcdn.net/m1/v/t6/An-D4wQlic21BxKgCzh03f0AhQRpijokyvi3py3Evw4HvqueLsamxEelCsdSei1EvCOx8lTz_OhsbB087GxOdFrMMHzb2FHWY8GopkL5yVo3mMT-mDBP9T60pa9l1aCzgxrG6KiBcj6wlquEig3Rww?stp=s2048x1152&ccb=10-5&oh=00_AfDhOtv_tj4U3217NGrqyEkfK3yQUhJZQ2WboAkjVo7glQ&oe=65B3302C&_nc_sid=201bca,https://scontent.fmnl30-2.fna.fbcdn.net/m1/v/t6/An-3VKSYL6J0NJkk9iDmzOda6LcTzBLCaBqAUshLaXrZOcwCOvD_tfXwxwbRHr9fcFl9BYbTxut6oRjb6tvviPQl3Cv6FO6ppjzfVFzjjzNJuKgnZveCdbIcKscGsNMA2l8MWuvTqsKkI-8yOeP_lQ?stp=s2048x1536&ccb=10-5&oh=00_AfBrZhzIYsql_ajEASAeg5K9pVIBNAuGMFyYhiqgBP6Mqg&oe=65B3347D&_nc_sid=201bca,0
https://scontent.fmnl30-2.fna.fbcdn.net/m1/v/t6/An-D4wQlic21BxKgCzh03f0AhQRpijokyvi3py3Evw4HvqueLsamxEelCsdSei1EvCOx8lTz_OhsbB087GxOdFrMMHzb2FHWY8GopkL5yVo3mMT-mDBP9T60pa9l1aCzgxrG6KiBcj6wlquEig3Rww?stp=s2048x1152&ccb=10-5&oh=00_AfDhOtv_tj4U3217NGrqyEkfK3yQUhJZQ2WboAkjVo7glQ&oe=65B3302C&_nc_sid=201bca,https://scontent.fmnl30-2.fna.fbcdn.net/m1/v/t6/An9_b8G5_-F9xA-elnFqvHQ9tr5c7FeFBZj439hQUVaG-Af87DVY3jcZQUR7jl0xaMmdwagNvjTKn5-IM0qFMoRxNkPMgulSMH3FxoGUEVHHY84jSOi3sfU9MHtP8zqzMlDGhUowcAp-Xx3NtEJRBw?stp=s2048x1152&ccb=10-5&oh=00_AfD8GFBjzcQAs4WF3xXgSBV9dZdZZAoTOJYK4q8eulkyrg&oe=65B32982&_nc_sid=201bca,0
https://scontent.fmnl30-2.fna.fbcdn.net/m1/v/t6/An-D4wQlic21BxKgCzh03f0AhQRpijokyvi3py3Evw4HvqueLsamxEelCsdSei1EvCOx8lTz_OhsbB087GxOdFrMMHzb2FHWY8GopkL5yVo3mMT-mDBP9T60pa9l1aCzgxrG6KiBcj6wlquEig3Rww?stp=s2048x1152&ccb=10-5&oh=00_AfDhOtv_tj4U3217NGrqyEkfK3yQUhJZQ2WboAkjVo7glQ&oe=65B3302C&_nc_sid=201bca,https://scontent.fmnl30-2.fna.fbcdn.net/m1/v/t6/An-D4wQlic21BxKgCzh03f0AhQRpijokyvi3py3Evw4HvqueLsamxEelCsdSei1EvCOx8lTz_OhsbB087GxOdFrMMHzb2FHWY8GopkL5yVo3mMT-mDBP9T60pa9l1aCzgxrG6KiBcj6wlquEig3Rww?stp=s2048x1152&ccb=10-5&oh=00_AfDhOtv_tj4U3217NGrqyEkfK3yQUhJZQ2WboAkjVo7glQ&oe=65B3302C&_nc_sid=201bca,0
https://scontent.fmnl30-2.fna.fbcdn.net/m1/v/t6/An-D4wQlic21BxKgCzh03f0AhQRpijokyvi3py3Evw4HvqueLsamxEelCsdSei1EvCOx8lTz_OhsbB087GxOdFrMMHzb2FHWY8GopkL5yVo3mMT-mDBP9T60pa9l1aCzgxrG6KiBcj6wlquEig3Rww?stp=s2048x1152&ccb=10-5&oh=00_AfDhOtv_tj4U3217NGrqyEkfK3yQUhJZQ2WboAkjVo7glQ&oe=65B3302C&_nc_sid=201bca,https://scontent.fmnl30-2.fna.fbcdn.net/m1/v/t6/An8wTkkClBCMT4hfkNEK5g55es14fdR6L73roqaBC2NTBOMhiD9ywSdgRzUYq4kPOUW_Hi5sYgqf1ole3uYIDhrBhiwb1nx6wE6JA7BXdR7IsdY3EaWzDaGxf3xuX0w58fTSGfQBN-5iW0xF_Znqjw?stp=s2048x1024&ccb=10-5&oh=00_AfBJhkW0d5cSIkGr6y_b7ifsUWfl_CDpB1lciQIlk3WNpg&oe=65B34563&_nc_sid=201bca,0
https://scontent.fmnl30-2.fna.fbcdn.net/m1/v/t6/An-D4wQlic21BxKgCzh03f0AhQRpijokyvi3py3Evw4HvqueLsamxEelCsdSei1EvCOx8lTz_OhsbB087GxOdFrMMHzb2FHWY8GopkL5yVo3mMT-mDBP9T60pa9l1aCzgxrG6KiBcj6wlquEig3Rww?stp=s2048x1152&ccb=10-5&oh=00_AfDhOtv_tj4U3217NGrqyEkfK3yQUhJZQ2WboAkjVo7glQ&oe=65B3302C&_nc_sid=201bca,https://scontent.fmnl30-2.fna.fbcdn.net/m1/v/t6/An_QURYfjEoMqSuCzvewoktzi939LuieJDmyU9JOvfYvrQM4M0v6cBdRXTgZV9vRVpzrFNvJypeRvUyBTtzQpPzxLjk18DStKrZO86KFuaeEyjkbVxhFSjWu_9JluoNaZ9NtnD_onUSQjUUJ0LVf_w?stp=s2048x1536&ccb=10-5&oh=00_AfCGQ-pIVnvJISnRb2uwldXvYitJLRG7suzfcJypwdVPPQ&oe=65B340D0&_nc_sid=201bca,0
https://scontent.fmnl30-2.fna.fbcdn.net/m1/v/t6/An-D4wQlic21BxKgCzh03f0AhQRpijokyvi3py3Evw4HvqueLsamxEelCsdSei1EvCOx8lTz_OhsbB087GxOdFrMMHzb2FHWY8GopkL5yVo3mMT-mDBP9T60pa9l1aCzgxrG6KiBcj6wlquEig3Rww?stp=s2048x1152&ccb=10-5&oh=00_AfDhOtv_tj4U3217NGrqyEkfK3yQUhJZQ2WboAkjVo7glQ&oe=65B3302C&_nc_sid=201bca,https://scontent.fmnl30-2.fna.fbcdn.net/m1/v/t6/An9yLh3pR_uTgTPQWhVPwB-YuO8-UzhL3AOi_ifdGH0mrpw1KnZNjU79ZuyKFsCOWSB0CxDXNbijfd5MnrOVJMA8IqKD5ycyyhUNDqFoEHkZngXLQ4QLftKQTTxUztUOY_jvD0pY4PatvBRTFix1Dg?stp=s2048x1152&ccb=10-5&oh=00_AfBzLerrkyD5UkcLxVp-iM8tR62q89M1yTrTNr9DGPQsjQ&oe=65B32FFF&_nc_sid=201bca,0
https://scontent.fmnl30-2.fna.fbcdn.net/m1/v/t6/An-D4wQlic21BxKgCzh03f0AhQRpijokyvi3py3Evw4HvqueLsamxEelCsdSei1EvCOx8lTz_OhsbB087GxOdFrMMHzb2FHWY8GopkL5yVo3mMT-mDBP9T60pa9l1aCzgxrG6KiBcj6wlquEig3Rww?stp=s2048x1152&ccb=10-5&oh=00_AfDhOtv_tj4U3217NGrqyEkfK3yQUhJZQ2WboAkjVo7glQ&oe=65B3302C&_nc_sid=201bca,https://scontent.fmnl30-2.fna.fbcdn.net/m1/v/t6/An_OP2vAjxR0IJ8mgV2J_IcASZzwElJvLooPfPOtU4DABTePyRcnwcU20Egs079Z6BbzguBkyh5HVR1OcZk3Gp4mupMT1nW-mKWTZ3te4TlPL6AeWPDJ82oi2aABdHI1Mwq47-o42sv-F6AKmr5XFg?stp=s2048x1152&ccb=10-5&oh=00_AfDsgswmu7uf0IYsVU6SKI3D3j-272Tfn1j0QN4CT8YJDA&oe=65B3335B&_nc_sid=201bca,0
https://scontent.fmnl30-2.fna.fbcdn.net/m1/v/t6/An-D4wQlic21BxKgCzh03f0AhQRpijokyvi3py3Evw4HvqueLsamxEelCsdSei1EvCOx8lTz_OhsbB087GxOdFrMMHzb2FHWY8GopkL5yVo3mMT-mDBP9T60pa9l1aCzgxrG6KiBcj6wlquEig3Rww?stp=s2048x1152&ccb=10-5&oh=00_AfDhOtv_tj4U3217NGrqyEkfK3yQUhJZQ2WboAkjVo7glQ&oe=65B3302C&_nc_sid=201bca,https://scontent.fmnl30-2.fna.fbcdn.net/m1/v/t6/An_20xEH0LAS4PNcdAosbqgLLBtsONKY5DCSGSVYeR6gPjQOrxNvQJ-2mf-zX1hPCmajWtMZKcBa7-n5nqUsyWz3NrR7JpXqAngh4H1AUyxcr-MxCnlZqaGiG6vMrmPjTANynVrPsY4iECG-Sf-j4A?stp=s2048x1152&ccb=10-5&oh=00_AfBGVOLxZehSZNifviJgnp6VbTzplwi2TkqJb-Tntf4K3Q&oe=65B331FE&_nc_sid=201bca,0
https://scontent.fmnl30-2.fna.fbcdn.net/m1/v/t6/An-D4wQlic21BxKgCzh03f0AhQRpijokyvi3py3Evw4HvqueLsamxEelCsdSei1EvCOx8lTz_OhsbB087GxOdFrMMHzb2FHWY8GopkL5yVo3mMT-mDBP9T60pa9l1aCzgxrG6KiBcj6wlquEig3Rww?stp=s2048x1152&ccb=10-5&oh=00_AfDhOtv_tj4U3217NGrqyEkfK3yQUhJZQ2WboAkjVo7glQ&oe=65B3302C&_nc_sid=201bca,https://scontent.fmnl30-2.fna.fbcdn.net/m1/v/t6/An-3VKSYL6J0NJkk9iDmzOda6LcTzBLCaBqAUshLaXrZOcwCOvD_tfXwxwbRHr9fcFl9BYbTxut6oRjb6tvviPQl3Cv6FO6ppjzfVFzjjzNJuKgnZveCdbIcKscGsNMA2l8MWuvTqsKkI-8yOeP_lQ?stp=s2048x1536&ccb=10-5&oh=00_AfBrZhzIYsql_ajEASAeg5K9pVIBNAuGMFyYhiqgBP6Mqg&oe=65B3347D&_nc_sid=201bca,0
https://scontent.fmnl30-2.fna.fbcdn.net/m1/v/t6/An-D4wQlic21BxKgCzh03f0AhQRpijokyvi3py3Evw4HvqueLsamxEelCsdSei1EvCOx8lTz_OhsbB087GxOdFrMMHzb2FHWY8GopkL5yVo3mMT-mDBP9T60pa9l1aCzgxrG6KiBcj6wlquEig3Rww?stp=s2048x1152&ccb=10-5&oh=00_AfDhOtv_tj4U3217NGrqyEkfK3yQUhJZQ2WboAkjVo7glQ&oe=65B3302C&_nc_sid=201bca,https://scontent.fmnl30-2.fna.fbcdn.net/m1/v/t6/An9_b8G5_-F9xA-elnFqvHQ9tr5c7FeFBZj439hQUVaG-Af87DVY3jcZQUR7jl0xaMmdwagNvjTKn5-IM0qFMoRxNkPMgulSMH3FxoGUEVHHY84jSOi3sfU9MHtP8zqzMlDGhUowcAp-Xx3NtEJRBw?stp=s2048x1152&ccb=10-5&oh=00_AfD8GFBjzcQAs4WF3xXgSBV9dZdZZAoTOJYK4q8eulkyrg&oe=65B32982&_nc_sid=201bca,0
https://scontent.fmnl30-2.fna.fbcdn.net/m1/v/t6/An-D4wQlic21BxKgCzh03f0AhQRpijokyvi3py3Evw4HvqueLsamxEelCsdSei1EvCOx8lTz_OhsbB087GxOdFrMMHzb2FHWY8GopkL5yVo3mMT-mDBP9T60pa9l1aCzgxrG6KiBcj6wlquEig3Rww?stp=s2048x1152&ccb=10-5&oh=00_AfDhOtv_tj4U3217NGrqyEkfK3yQUhJZQ2WboAkjVo7glQ&oe=65B3302C&_nc_sid=201bca,https://scontent.fmnl30-2.fna.fbcdn.net/m1/v/t6/An-D4wQlic21BxKgCzh03f0AhQRpijokyvi3py3Evw4HvqueLsamxEelCsdSei1EvCOx8lTz_OhsbB087GxOdFrMMHzb2FHWY8GopkL5yVo3mMT-mDBP9T60pa9l1aCzgxrG6KiBcj6wlquEig3Rww?stp=s2048x1152&ccb=10-5&oh=00_AfDhOtv_tj4U3217NGrqyEkfK3yQUhJZQ2WboAkjVo7glQ&oe=65B3302C&_nc_sid=201bca,0
https://scontent.fmnl30-2.fna.fbcdn.net/m1/v/t6/An-D4wQlic21BxKgCzh03f0AhQRpijokyvi3py3Evw4HvqueLsamxEelCsdSei1EvCOx8lTz_OhsbB087GxOdFrMMHzb2FHWY8GopkL5yVo3mMT-mDBP9T60pa9l1aCzgxrG6KiBcj6wlquEig3Rww?stp=s2048x1152&ccb=10-5&oh=00_AfDhOtv_tj4U3217NGrqyEkfK3yQUhJZQ2WboAkjVo7glQ&oe=65B3302C&_nc_sid=201bca,https://scontent.fmnl30-2.fna.fbcdn.net/m1/v/t6/An8wTkkClBCMT4hfkNEK5g55es14fdR6L73roqaBC2NTBOMhiD9ywSdgRzUYq4kPOUW_Hi5sYgqf1ole3uYIDhrBhiwb1nx6wE6JA7BXdR7IsdY3EaWzDaGxf3xuX0w58fTSGfQBN-5iW0xF_Znqjw?stp=s2048x1024&ccb=10-5&oh=00_AfBJhkW0d5cSIkGr6y_b7ifsUWfl_CDpB1lciQIlk3WNpg&oe=65B34563&_nc_sid=201bca,0
https://scontent.fmnl30-2.fna.fbcdn.net/m1/v/t6/An-D4wQlic21BxKgCzh03f0AhQRpijokyvi3py3Evw4HvqueLsamxEelCsdSei1EvCOx8lTz_OhsbB087GxOdFrMMHzb2FHWY8GopkL5yVo3mMT-mDBP9T60pa9l1aCzgxrG6KiBcj6wlquEig3Rww?stp=s2048x1152&ccb=10-5&oh=00_AfDhOtv_tj4U3217NGrqyEkfK3yQUhJZQ2WboAkjVo7glQ&oe=65B3302C&_nc_sid=201bca,https://scontent.fmnl30-2.fna.fbcdn.net/m1/v/t6/An_QURYfjEoMqSuCzvewoktzi939LuieJDmyU9JOvfYvrQM4M0v6cBdRXTgZV9vRVpzrFNvJypeRvUyBTtzQpPzxLjk18DStKrZO86KFuaeEyjkbVxhFSjWu_9JluoNaZ9NtnD_onUSQjUUJ0LVf_w?stp=s2048x1536&ccb=10-5&oh=00_AfCGQ-pIVnvJISnRb2uwldXvYitJLRG7suzfcJypwdVPPQ&oe=65B340D0&_nc_sid=201bca,0
https://scontent.fmnl30-2.fna.fbcdn.net/m1/v/t6/An-D4wQlic21BxKgCzh03f0AhQRpijokyvi3py3Evw4HvqueLsamxEelCsdSei1EvCOx8lTz_OhsbB087GxOdFrMMHzb2FHWY8GopkL5yVo3mMT-mDBP9T60pa9l1aCzgxrG6KiBcj6wlquEig3Rww?stp=s2048x1152&ccb=10-5&oh=00_AfDhOtv_tj4U3217NGrqyEkfK3yQUhJZQ2WboAkjVo7glQ&oe=65B3302C&_nc_sid=201bca,https://scontent.fmnl30-2.fna.fbcdn.net/m1/v/t6/An9yLh3pR_uTgTPQWhVPwB-YuO8-UzhL3AOi_ifdGH0mrpw1KnZNjU79ZuyKFsCOWSB0CxDXNbijfd5MnrOVJMA8IqKD5ycyyhUNDqFoEHkZngXLQ4QLftKQTTxUztUOY_jvD0pY4PatvBRTFix1Dg?stp=s2048x1152&ccb=10-5&oh=00_AfBzLerrkyD5UkcLxVp-iM8tR62q89M1yTrTNr9DGPQsjQ&oe=65B32FFF&_nc_sid=201bca,0
https://scontent.fmnl30-2.fna.fbcdn.net/m1/v/t6/An8wTkkClBCMT4hfkNEK5g55es14fdR6L73roqaBC2NTBOMhiD9ywSdgRzUYq4kPOUW_Hi5sYgqf1ole3uYIDhrBhiwb1nx6wE6JA7BXdR7IsdY3EaWzDaGxf3xuX0w58fTSGfQBN-5iW0xF_Znqjw?stp=s2048x1024&ccb=10-5&oh=00_AfBJhkW0d5cSIkGr6y_b7ifsUWfl_CDpB1lciQIlk3WNpg&oe=65B34563&_nc_sid=201bca,https://scontent.fmnl30-2.fna.fbcdn.net/m1/v/t6/An_OP2vAjxR0IJ8mgV2J_IcASZzwElJvLooPfPOtU4DABTePyRcnwcU20Egs079Z6BbzguBkyh5HVR1OcZk3Gp4mupMT1nW-mKWTZ3te4TlPL6AeWPDJ82oi2aABdHI1Mwq47-o42sv-F6AKmr5XFg?stp=s2048x1152&ccb=10-5&oh=00_AfDsgswmu7uf0IYsVU6SKI3D3j-272Tfn1j0QN4CT8YJDA&oe=65B3335B&_nc_sid=201bca,0
https://scontent.fmnl30-2.fna.fbcdn.net/m1/v/t6/An8wTkkClBCMT4hfkNEK5g55es14fdR6L73roqaBC2NTBOMhiD9ywSdgRzUYq4kPOUW_Hi5sYgqf1ole3uYIDhrBhiwb1nx6wE6JA7BXdR7IsdY3EaWzDaGxf3xuX0w58fTSGfQBN-5iW0xF_Znqjw?stp=s2048x1024&ccb=10-5&oh=00_AfBJhkW0d5cSIkGr6y_b7ifsUWfl_CDpB1lciQIlk3WNpg&oe=65B34563&_nc_sid=201bca,https://scontent.fmnl30-2.fna.fbcdn.net/m1/v/t6/An_20xEH0LAS4PNcdAosbqgLLBtsONKY5DCSGSVYeR6gPjQOrxNvQJ-2mf-zX1hPCmajWtMZKcBa7-n5nqUsyWz3NrR7JpXqAngh4H1AUyxcr-MxCnlZqaGiG6vMrmPjTANynVrPsY4iECG-Sf-j4A?stp=s2048x1152&ccb=10-5&oh=00_AfBGVOLxZehSZNifviJgnp6VbTzplwi2TkqJb-Tntf4K3Q&oe=65B331FE&_nc_sid=201bca,0
https://scontent.fmnl30-2.fna.fbcdn.net/m1/v/t6/An8wTkkClBCMT4hfkNEK5g55es14fdR6L73roqaBC2NTBOMhiD9ywSdgRzUYq4kPOUW_Hi5sYgqf1ole3uYIDhrBhiwb1nx6wE6JA7BXdR7IsdY3EaWzDaGxf3xuX0w58fTSGfQBN-5iW0xF_Znqjw?stp=s2048x1024&ccb=10-5&oh=00_AfBJhkW0d5cSIkGr6y_b7ifsUWfl_CDpB1lciQIlk3WNpg&oe=65B34563&_nc_sid=201bca,https://scontent.fmnl30-2.fna.fbcdn.net/m1/v/t6/An-3VKSYL6J0NJkk9iDmzOda6LcTzBLCaBqAUshLaXrZOcwCOvD_tfXwxwbRHr9fcFl9BYbTxut6oRjb6tvviPQl3Cv6FO6ppjzfVFzjjzNJuKgnZveCdbIcKscGsNMA2l8MWuvTqsKkI-8yOeP_lQ?stp=s2048x1536&ccb=10-5&oh=00_AfBrZhzIYsql_ajEASAeg5K9pVIBNAuGMFyYhiqgBP6Mqg&oe=65B3347D&_nc_sid=201bca,0
https://scontent.fmnl30-2.fna.fbcdn.net/m1/v/t6/An8wTkkClBCMT4hfkNEK5g55es14fdR6L73roqaBC2NTBOMhiD9ywSdgRzUYq4kPOUW_Hi5sYgqf1ole3uYIDhrBhiwb1nx6wE6JA7BXdR7IsdY3EaWzDaGxf3xuX0w58fTSGfQBN-5iW0xF_Znqjw?stp=s2048x1024&ccb=10-5&oh=00_AfBJhkW0d5cSIkGr6y_b7ifsUWfl_CDpB1lciQIlk3WNpg&oe=65B34563&_nc_sid=201bca,https://scontent.fmnl30-2.fna.fbcdn.net/m1/v/t6/An9_b8G5_-F9xA-elnFqvHQ9tr5c7FeFBZj439hQUVaG-Af87DVY3jcZQUR7jl0xaMmdwagNvjTKn5-IM0qFMoRxNkPMgulSMH3FxoGUEVHHY84jSOi3sfU9MHtP8zqzMlDGhUowcAp-Xx3NtEJRBw?stp=s2048x1152&ccb=10-5&oh=00_AfD8GFBjzcQAs4WF3xXgSBV9dZdZZAoTOJYK4q8eulkyrg&oe=65B32982&_nc_sid=201bca,0
https://scontent.fmnl30-2.fna.fbcdn.net/m1/v/t6/An8wTkkClBCMT4hfkNEK5g55es14fdR6L73roqaBC2NTBOMhiD9ywSdgRzUYq4kPOUW_Hi5sYgqf1ole3uYIDhrBhiwb1nx6wE6JA7BXdR7IsdY3EaWzDaGxf3xuX0w58fTSGfQBN-5iW0xF_Znqjw?stp=s2048x1024&ccb=10-5&oh=00_AfBJhkW0d5cSIkGr6y_b7ifsUWfl_CDpB1lciQIlk3WNpg&oe=65B34563&_nc_sid=201bca,https://scontent.fmnl30-2.fna.fbcdn.net/m1/v/t6/An-D4wQlic21BxKgCzh03f0AhQRpijokyvi3py3Evw4HvqueLsamxEelCsdSei1EvCOx8lTz_OhsbB087GxOdFrMMHzb2FHWY8GopkL5yVo3mMT-mDBP9T60pa9l1aCzgxrG6KiBcj6wlquEig3Rww?stp=s2048x1152&ccb=10-5&oh=00_AfDhOtv_tj4U3217NGrqyEkfK3yQUhJZQ2WboAkjVo7glQ&oe=65B3302C&_nc_sid=201bca,0
https://scontent.fmnl30-2.fna.fbcdn.net/m1/v/t6/An8wTkkClBCMT4hfkNEK5g55es14fdR6L73roqaBC2NTBOMhiD9ywSdgRzUYq4kPOUW_Hi5sYgqf1ole3uYIDhrBhiwb1nx6wE6JA7BXdR7IsdY3EaWzDaGxf3xuX0w58fTSGfQBN-5iW0xF_Znqjw?stp=s2048x1024&ccb=10-5&oh=00_AfBJhkW0d5cSIkGr6y_b7ifsUWfl_CDpB1lciQIlk3WNpg&oe=65B34563&_nc_sid=201bca,https://scontent.fmnl30-2.fna.fbcdn.net/m1/v/t6/An-D4wQlic21BxKgCzh03f0AhQRpijokyvi3py3Evw4HvqueLsamxEelCsdSei1EvCOx8lTz_OhsbB087GxOdFrMMHzb2FHWY8GopkL5yVo3mMT-mDBP9T60pa9l1aCzgxrG6KiBcj6wlquEig3Rww?stp=s2048x1152&ccb=10-5&oh=00_AfDhOtv_tj4U3217NGrqyEkfK3yQUhJZQ2WboAkjVo7glQ&oe=65B3302C&_nc_sid=201bca,0
https://scontent.fmnl30-2.fna.fbcdn.net/m1/v/t6/An8wTkkClBCMT4hfkNEK5g55es14fdR6L73roqaBC2NTBOMhiD9ywSdgRzUYq4kPOUW_Hi5sYgqf1ole3uYIDhrBhiwb1nx6wE6JA7BXdR7IsdY3EaWzDaGxf3xuX0w58fTSGfQBN-5iW0xF_Znqjw?stp=s2048x1024&ccb=10-5&oh=00_AfBJhkW0d5cSIkGr6y_b7ifsUWfl_CDpB1lciQIlk3WNpg&oe=65B34563&_nc_sid=201bca,https://scontent.fmnl30-2.fna.fbcdn.net/m1/v/t6/An_QURYfjEoMqSuCzvewoktzi939LuieJDmyU9JOvfYvrQM4M0v6cBdRXTgZV9vRVpzrFNvJypeRvUyBTtzQpPzxLjk18DStKrZO86KFuaeEyjkbVxhFSjWu_9JluoNaZ9NtnD_onUSQjUUJ0LVf_w?stp=s2048x1536&ccb=10-5&oh=00_AfCGQ-pIVnvJISnRb2uwldXvYitJLRG7suzfcJypwdVPPQ&oe=65B340D0&_nc_sid=201bca,0
https://scontent.fmnl30-2.fna.fbcdn.net/m1/v/t6/An8wTkkClBCMT4hfkNEK5g55es14fdR6L73roqaBC2NTBOMhiD9ywSdgRzUYq4kPOUW_Hi5sYgqf1ole3uYIDhrBhiwb1nx6wE6JA7BXdR7IsdY3EaWzDaGxf3xuX0w58fTSGfQBN-5iW0xF_Znqjw?stp=s2048x1024&ccb=10-5&oh=00_AfBJhkW0d5cSIkGr6y_b7ifsUWfl_CDpB1lciQIlk3WNpg&oe=65B34563&_nc_sid=201bca,https://scontent.fmnl30-2.fna.fbcdn.net/m1/v/t6/An9yLh3pR_uTgTPQWhVPwB-YuO8-UzhL3AOi_ifdGH0mrpw1KnZNjU79ZuyKFsCOWSB0CxDXNbijfd5MnrOVJMA8IqKD5ycyyhUNDqFoEHkZngXLQ4QLftKQTTxUztUOY_jvD0pY4PatvBRTFix1Dg?stp=s2048x1152&ccb=10-5&oh=00_AfBzLerrkyD5UkcLxVp-iM8tR62q89M1yTrTNr9DGPQsjQ&oe=65B32FFF&_nc_sid=201bca,0
https://scontent.fmnl30-2.fna.fbcdn.net/m1/v/t6/An_QURYfjEoMqSuCzvewoktzi939LuieJDmyU9JOvfYvrQM4M0v6cBdRXTgZV9vRVpzrFNvJypeRvUyBTtzQpPzxLjk18DStKrZO86KFuaeEyjkbVxhFSjWu_9JluoNaZ9NtnD_onUSQjUUJ0LVf_w?stp=s2048x1536&ccb=10-5&oh=00_AfCGQ-pIVnvJISnRb2uwldXvYitJLRG7suzfcJypwdVPPQ&oe=65B340D0&_nc_sid=201bca,https://scontent.fmnl30-2.fna.fbcdn.net/m1/v/t6/An_OP2vAjxR0IJ8mgV2J_IcASZzwElJvLooPfPOtU4DABTePyRcnwcU20Egs079Z6BbzguBkyh5HVR1OcZk3Gp4mupMT1nW-mKWTZ3te4TlPL6AeWPDJ82oi2aABdHI1Mwq47-o42sv-F6AKmr5XFg?stp=s2048x1152&ccb=10-5&oh=00_AfDsgswmu7uf0IYsVU6SKI3D3j-272Tfn1j0QN4CT8YJDA&oe=65B3335B&_nc_sid=201bca,0
https://scontent.fmnl30-2.fna.fbcdn.net/m1/v/t6/An_QURYfjEoMqSuCzvewoktzi939LuieJDmyU9JOvfYvrQM4M0v6cBdRXTgZV9vRVpzrFNvJypeRvUyBTtzQpPzxLjk18DStKrZO86KFuaeEyjkbVxhFSjWu_9JluoNaZ9NtnD_onUSQjUUJ0LVf_w?stp=s2048x1536&ccb=10-5&oh=00_AfCGQ-pIVnvJISnRb2uwldXvYitJLRG7suzfcJypwdVPPQ&oe=65B340D0&_nc_sid=201bca,https://scontent.fmnl30-2.fna.fbcdn.net/m1/v/t6/An_20xEH0LAS4PNcdAosbqgLLBtsONKY5DCSGSVYeR6gPjQOrxNvQJ-2mf-zX1hPCmajWtMZKcBa7-n5nqUsyWz3NrR7JpXqAngh4H1AUyxcr-MxCnlZqaGiG6vMrmPjTANynVrPsY4iECG-Sf-j4A?stp=s2048x1152&ccb=10-5&oh=00_AfBGVOLxZehSZNifviJgnp6VbTzplwi2TkqJb-Tntf4K3Q&oe=65B331FE&_nc_sid=201bca,0
https://scontent.fmnl30-2.fna.fbcdn.net/m1/v/t6/An_QURYfjEoMqSuCzvewoktzi939LuieJDmyU9JOvfYvrQM4M0v6cBdRXTgZV9vRVpzrFNvJypeRvUyBTtzQpPzxLjk18DStKrZO86KFuaeEyjkbVxhFSjWu_9JluoNaZ9NtnD_onUSQjUUJ0LVf_w?stp=s2048x1536&ccb=10-5&oh=00_AfCGQ-pIVnvJISnRb2uwldXvYitJLRG7suzfcJypwdVPPQ&oe=65B340D0&_nc_sid=201bca,https://scontent.fmnl30-2.fna.fbcdn.net/m1/v/t6/An-3VKSYL6J0NJkk9iDmzOda6LcTzBLCaBqAUshLaXrZOcwCOvD_tfXwxwbRHr9fcFl9BYbTxut6oRjb6tvviPQl3Cv6FO6ppjzfVFzjjzNJuKgnZveCdbIcKscGsNMA2l8MWuvTqsKkI-8yOeP_lQ?stp=s2048x1536&ccb=10-5&oh=00_AfBrZhzIYsql_ajEASAeg5K9pVIBNAuGMFyYhiqgBP6Mqg&oe=65B3347D&_nc_sid=201bca,0
https://scontent.fmnl30-2.fna.fbcdn.net/m1/v/t6/An_QURYfjEoMqSuCzvewoktzi939LuieJDmyU9JOvfYvrQM4M0v6cBdRXTgZV9vRVpzrFNvJypeRvUyBTtzQpPzxLjk18DStKrZO86KFuaeEyjkbVxhFSjWu_9JluoNaZ9NtnD_onUSQjUUJ0LVf_w?stp=s2048x1536&ccb=10-5&oh=00_AfCGQ-pIVnvJISnRb2uwldXvYitJLRG7suzfcJypwdVPPQ&oe=65B340D0&_nc_sid=201bca,https://scontent.fmnl30-2.fna.fbcdn.net/m1/v/t6/An9_b8G5_-F9xA-elnFqvHQ9tr5c7FeFBZj439hQUVaG-Af87DVY3jcZQUR7jl0xaMmdwagNvjTKn5-IM0qFMoRxNkPMgulSMH3FxoGUEVHHY84jSOi3sfU9MHtP8zqzMlDGhUowcAp-Xx3NtEJRBw?stp=s2048x1152&ccb=10-5&oh=00_AfD8GFBjzcQAs4WF3xXgSBV9dZdZZAoTOJYK4q8eulkyrg&oe=65B32982&_nc_sid=201bca,0
https://scontent.fmnl30-2.fna.fbcdn.net/m1/v/t6/An_QURYfjEoMqSuCzvewoktzi939LuieJDmyU9JOvfYvrQM4M0v6cBdRXTgZV9vRVpzrFNvJypeRvUyBTtzQpPzxLjk18DStKrZO86KFuaeEyjkbVxhFSjWu_9JluoNaZ9NtnD_onUSQjUUJ0LVf_w?stp=s2048x1536&ccb=10-5&oh=00_AfCGQ-pIVnvJISnRb2uwldXvYitJLRG7suzfcJypwdVPPQ&oe=65B340D0&_nc_sid=201bca,https://scontent.fmnl30-2.fna.fbcdn.net/m1/v/t6/An-D4wQlic21BxKgCzh03f0AhQRpijokyvi3py3Evw4HvqueLsamxEelCsdSei1EvCOx8lTz_OhsbB087GxOdFrMMHzb2FHWY8GopkL5yVo3mMT-mDBP9T60pa9l1aCzgxrG6KiBcj6wlquEig3Rww?stp=s2048x1152&ccb=10-5&oh=00_AfDhOtv_tj4U3217NGrqyEkfK3yQUhJZQ2WboAkjVo7glQ&oe=65B3302C&_nc_sid=201bca,0
https://scontent.fmnl30-2.fna.fbcdn.net/m1/v/t6/An_QURYfjEoMqSuCzvewoktzi939LuieJDmyU9JOvfYvrQM4M0v6cBdRXTgZV9vRVpzrFNvJypeRvUyBTtzQpPzxLjk18DStKrZO86KFuaeEyjkbVxhFSjWu_9JluoNaZ9NtnD_onUSQjUUJ0LVf_w?stp=s2048x1536&ccb=10-5&oh=00_AfCGQ-pIVnvJISnRb2uwldXvYitJLRG7suzfcJypwdVPPQ&oe=65B340D0&_nc_sid=201bca,https://scontent.fmnl30-2.fna.fbcdn.net/m1/v/t6/An-D4wQlic21BxKgCzh03f0AhQRpijokyvi3py3Evw4HvqueLsamxEelCsdSei1EvCOx8lTz_OhsbB087GxOdFrMMHzb2FHWY8GopkL5yVo3mMT-mDBP9T60pa9l1aCzgxrG6KiBcj6wlquEig3Rww?stp=s2048x1152&ccb=10-5&oh=00_AfDhOtv_tj4U3217NGrqyEkfK3yQUhJZQ2WboAkjVo7glQ&oe=65B3302C&_nc_sid=201bca,0
https://scontent.fmnl30-2.fna.fbcdn.net/m1/v/t6/An_QURYfjEoMqSuCzvewoktzi939LuieJDmyU9JOvfYvrQM4M0v6cBdRXTgZV9vRVpzrFNvJypeRvUyBTtzQpPzxLjk18DStKrZO86KFuaeEyjkbVxhFSjWu_9JluoNaZ9NtnD_onUSQjUUJ0LVf_w?stp=s2048x1536&ccb=10-5&oh=00_AfCGQ-pIVnvJISnRb2uwldXvYitJLRG7suzfcJypwdVPPQ&oe=65B340D0&_nc_sid=201bca,https://scontent.fmnl30-2.fna.fbcdn.net/m1/v/t6/An8wTkkClBCMT4hfkNEK5g55es14fdR6L73roqaBC2NTBOMhiD9ywSdgRzUYq4kPOUW_Hi5sYgqf1ole3uYIDhrBhiwb1nx6wE6JA7BXdR7IsdY3EaWzDaGxf3xuX0w58fTSGfQBN-5iW0xF_Znqjw?stp=s2048x1024&ccb=10-5&oh=00_AfBJhkW0d5cSIkGr6y_b7ifsUWfl_CDpB1lciQIlk3WNpg&oe=65B34563&_nc_sid=201bca,0
https://scontent.fmnl30-2.fna.fbcdn.net/m1/v/t6/An_QURYfjEoMqSuCzvewoktzi939LuieJDmyU9JOvfYvrQM4M0v6cBdRXTgZV9vRVpzrFNvJypeRvUyBTtzQpPzxLjk18DStKrZO86KFuaeEyjkbVxhFSjWu_9JluoNaZ9NtnD_onUSQjUUJ0LVf_w?stp=s2048x1536&ccb=10-5&oh=00_AfCGQ-pIVnvJISnRb2uwldXvYitJLRG7suzfcJypwdVPPQ&oe=65B340D0&_nc_sid=201bca,https://scontent.fmnl30-2.fna.fbcdn.net/m1/v/t6/An9yLh3pR_uTgTPQWhVPwB-YuO8-UzhL3AOi_ifdGH0mrpw1KnZNjU79ZuyKFsCOWSB0CxDXNbijfd5MnrOVJMA8IqKD5ycyyhUNDqFoEHkZngXLQ4QLftKQTTxUztUOY_jvD0pY4PatvBRTFix1Dg?stp=s2048x1152&ccb=10-5&oh=00_AfBzLerrkyD5UkcLxVp-iM8tR62q89M1yTrTNr9DGPQsjQ&oe=65B32FFF&_nc_sid=201bca,0
https://scontent.fmnl30-2.fna.fbcdn.net/m1/v/t6/An9yLh3pR_uTgTPQWhVPwB-YuO8-UzhL3AOi_ifdGH0mrpw1KnZNjU79ZuyKFsCOWSB0CxDXNbijfd5MnrOVJMA8IqKD5ycyyhUNDqFoEHkZngXLQ4QLftKQTTxUztUOY_jvD0pY4PatvBRTFix1Dg?stp=s2048x1152&ccb=10-5&oh=00_AfBzLerrkyD5UkcLxVp-iM8tR62q89M1yTrTNr9DGPQsjQ&oe=65B32FFF&_nc_sid=201bca,https://scontent.fmnl30-2.fna.fbcdn.net/m1/v/t6/An_OP2vAjxR0IJ8mgV2J_IcASZzwElJvLooPfPOtU4DABTePyRcnwcU20Egs079Z6BbzguBkyh5HVR1OcZk3Gp4mupMT1nW-mKWTZ3te4TlPL6AeWPDJ82oi2aABdHI1Mwq47-o42sv-F6AKmr5XFg?stp=s2048x1152&ccb=10-5&oh=00_AfDsgswmu7uf0IYsVU6SKI3D3j-272Tfn1j0QN4CT8YJDA&oe=65B3335B&_nc_sid=201bca,0
https://scontent.fmnl30-2.fna.fbcdn.net/m1/v/t6/An9yLh3pR_uTgTPQWhVPwB-YuO8-UzhL3AOi_ifdGH0mrpw1KnZNjU79ZuyKFsCOWSB0CxDXNbijfd5MnrOVJMA8IqKD5ycyyhUNDqFoEHkZngXLQ4QLftKQTTxUztUOY_jvD0pY4PatvBRTFix1Dg?stp=s2048x1152&ccb=10-5&oh=00_AfBzLerrkyD5UkcLxVp-iM8tR62q89M1yTrTNr9DGPQsjQ&oe=65B32FFF&_nc_sid=201bca,https://scontent.fmnl30-2.fna.fbcdn.net/m1/v/t6/An_20xEH0LAS4PNcdAosbqgLLBtsONKY5DCSGSVYeR6gPjQOrxNvQJ-2mf-zX1hPCmajWtMZKcBa7-n5nqUsyWz3NrR7JpXqAngh4H1AUyxcr-MxCnlZqaGiG6vMrmPjTANynVrPsY4iECG-Sf-j4A?stp=s2048x1152&ccb=10-5&oh=00_AfBGVOLxZehSZNifviJgnp6VbTzplwi2TkqJb-Tntf4K3Q&oe=65B331FE&_nc_sid=201bca,0
https://scontent.fmnl30-2.fna.fbcdn.net/m1/v/t6/An9yLh3pR_uTgTPQWhVPwB-YuO8-UzhL3AOi_ifdGH0mrpw1KnZNjU79ZuyKFsCOWSB0CxDXNbijfd5MnrOVJMA8IqKD5ycyyhUNDqFoEHkZngXLQ4QLftKQTTxUztUOY_jvD0pY4PatvBRTFix1Dg?stp=s2048x1152&ccb=10-5&oh=00_AfBzLerrkyD5UkcLxVp-iM8tR62q89M1yTrTNr9DGPQsjQ&oe=65B32FFF&_nc_sid=201bca,https://scontent.fmnl30-2.fna.fbcdn.net/m1/v/t6/An-3VKSYL6J0NJkk9iDmzOda6LcTzBLCaBqAUshLaXrZOcwCOvD_tfXwxwbRHr9fcFl9BYbTxut6oRjb6tvviPQl3Cv6FO6ppjzfVFzjjzNJuKgnZveCdbIcKscGsNMA2l8MWuvTqsKkI-8yOeP_lQ?stp=s2048x1536&ccb=10-5&oh=00_AfBrZhzIYsql_ajEASAeg5K9pVIBNAuGMFyYhiqgBP6Mqg&oe=65B3347D&_nc_sid=201bca,0
https://scontent.fmnl30-2.fna.fbcdn.net/m1/v/t6/An9yLh3pR_uTgTPQWhVPwB-YuO8-UzhL3AOi_ifdGH0mrpw1KnZNjU79ZuyKFsCOWSB0CxDXNbijfd5MnrOVJMA8IqKD5ycyyhUNDqFoEHkZngXLQ4QLftKQTTxUztUOY_jvD0pY4PatvBRTFix1Dg?stp=s2048x1152&ccb=10-5&oh=00_AfBzLerrkyD5UkcLxVp-iM8tR62q89M1yTrTNr9DGPQsjQ&oe=65B32FFF&_nc_sid=201bca,https://scontent.fmnl30-2.fna.fbcdn.net/m1/v/t6/An9_b8G5_-F9xA-elnFqvHQ9tr5c7FeFBZj439hQUVaG-Af87DVY3jcZQUR7jl0xaMmdwagNvjTKn5-IM0qFMoRxNkPMgulSMH3FxoGUEVHHY84jSOi3sfU9MHtP8zqzMlDGhUowcAp-Xx3NtEJRBw?stp=s2048x1152&ccb=10-5&oh=00_AfD8GFBjzcQAs4WF3xXgSBV9dZdZZAoTOJYK4q8eulkyrg&oe=65B32982&_nc_sid=201bca,0
https://scontent.fmnl30-2.fna.fbcdn.net/m1/v/t6/An9yLh3pR_uTgTPQWhVPwB-YuO8-UzhL3AOi_ifdGH0mrpw1KnZNjU79ZuyKFsCOWSB0CxDXNbijfd5MnrOVJMA8IqKD5ycyyhUNDqFoEHkZngXLQ4QLftKQTTxUztUOY_jvD0pY4PatvBRTFix1Dg?stp=s2048x1152&ccb=10-5&oh=00_AfBzLerrkyD5UkcLxVp-iM8tR62q89M1yTrTNr9DGPQsjQ&oe=65B32FFF&_nc_sid=201bca,https://scontent.fmnl30-2.fna.fbcdn.net/m1/v/t6/An-D4wQlic21BxKgCzh03f0AhQRpijokyvi3py3Evw4HvqueLsamxEelCsdSei1EvCOx8lTz_OhsbB087GxOdFrMMHzb2FHWY8GopkL5yVo3mMT-mDBP9T60pa9l1aCzgxrG6KiBcj6wlquEig3Rww?stp=s2048x1152&ccb=10-5&oh=00_AfDhOtv_tj4U3217NGrqyEkfK3yQUhJZQ2WboAkjVo7glQ&oe=65B3302C&_nc_sid=201bca,0
https://scontent.fmnl30-2.fna.fbcdn.net/m1/v/t6/An9yLh3pR_uTgTPQWhVPwB-YuO8-UzhL3AOi_ifdGH0mrpw1KnZNjU79ZuyKFsCOWSB0CxDXNbijfd5MnrOVJMA8IqKD5ycyyhUNDqFoEHkZngXLQ4QLftKQTTxUztUOY_jvD0pY4PatvBRTFix1Dg?stp=s2048x1152&ccb=10-5&oh=00_AfBzLerrkyD5UkcLxVp-iM8tR62q89M1yTrTNr9DGPQsjQ&oe=65B32FFF&_nc_sid=201bca,https://scontent.fmnl30-2.fna.fbcdn.net/m1/v/t6/An-D4wQlic21BxKgCzh03f0AhQRpijokyvi3py3Evw4HvqueLsamxEelCsdSei1EvCOx8lTz_OhsbB087GxOdFrMMHzb2FHWY8GopkL5yVo3mMT-mDBP9T60pa9l1aCzgxrG6KiBcj6wlquEig3Rww?stp=s2048x1152&ccb=10-5&oh=00_AfDhOtv_tj4U3217NGrqyEkfK3yQUhJZQ2WboAkjVo7glQ&oe=65B3302C&_nc_sid=201bca,0
https://scontent.fmnl30-2.fna.fbcdn.net/m1/v/t6/An9yLh3pR_uTgTPQWhVPwB-YuO8-UzhL3AOi_ifdGH0mrpw1KnZNjU79ZuyKFsCOWSB0CxDXNbijfd5MnrOVJMA8IqKD5ycyyhUNDqFoEHkZngXLQ4QLftKQTTxUztUOY_jvD0pY4PatvBRTFix1Dg?stp=s2048x1152&ccb=10-5&oh=00_AfBzLerrkyD5UkcLxVp-iM8tR62q89M1yTrTNr9DGPQsjQ&oe=65B32FFF&_nc_sid=201bca,https://scontent.fmnl30-2.fna.fbcdn.net/m1/v/t6/An8wTkkClBCMT4hfkNEK5g55es14fdR6L73roqaBC2NTBOMhiD9ywSdgRzUYq4kPOUW_Hi5sYgqf1ole3uYIDhrBhiwb1nx6wE6JA7BXdR7IsdY3EaWzDaGxf3xuX0w58fTSGfQBN-5iW0xF_Znqjw?stp=s2048x1024&ccb=10-5&oh=00_AfBJhkW0d5cSIkGr6y_b7ifsUWfl_CDpB1lciQIlk3WNpg&oe=65B34563&_nc_sid=201bca,0
https://scontent.fmnl30-2.fna.fbcdn.net/m1/v/t6/An9yLh3pR_uTgTPQWhVPwB-YuO8-UzhL3AOi_ifdGH0mrpw1KnZNjU79ZuyKFsCOWSB0CxDXNbijfd5MnrOVJMA8IqKD5ycyyhUNDqFoEHkZngXLQ4QLftKQTTxUztUOY_jvD0pY4PatvBRTFix1Dg?stp=s2048x1152&ccb=10-5&oh=00_AfBzLerrkyD5UkcLxVp-iM8tR62q89M1yTrTNr9DGPQsjQ&oe=65B32FFF&_nc_sid=201bca,https://scontent.fmnl30-2.fna.fbcdn.net/m1/v/t6/An_QURYfjEoMqSuCzvewoktzi939LuieJDmyU9JOvfYvrQM4M0v6cBdRXTgZV9vRVpzrFNvJypeRvUyBTtzQpPzxLjk18DStKrZO86KFuaeEyjkbVxhFSjWu_9JluoNaZ9NtnD_onUSQjUUJ0LVf_w?stp=s2048x1536&ccb=10-5&oh=00_AfCGQ-pIVnvJISnRb2uwldXvYitJLRG7suzfcJypwdVPPQ&oe=65B340D0&_nc_sid=201bca,0
https://scontent.fmnl30-2.fna.fbcdn.net/m1/v/t6/An9HGTg3-AXa8p2EE8qV3M1f0qL293KJDvEnpYn0QCsxRp3kxjzGGYrWdkxHETtRNYz2F7CvlxBsVY6e7tv6_dzFJldLjC1wbaTPyQx9Nwh-xrt7DWzeaN-gNK8fRYg58DWKVYkBTXK_n5WzOxKRaw?stp=s2048x1152&ccb=10-5&oh=00_AfBHvjtGhssc_NFTA-xsmd3HjWzKAPlRCSQpmKVQdWw0Yw&oe=65B348FF&_nc_sid=201bca,https://scontent.fmnl30-2.fna.fbcdn.net/m1/v/t6/An-0HvByvRNvLVrRip5NgsbKbSkCr6yq6sbAbj0NdSjnlE_wMl_vtzaqqOiDIawDmq5FlXCziSNDtZF5cZ8wRh4X9qz5Ekpe6CB7uPm1IhHXsQo2TCGOshWwKXQ0RSFYIIqg4KqF0hf095jbQT5HPg?stp=s2048x1152&ccb=10-5&oh=00_AfD7AIKYEciTDfk0PY7h4afunMVtW8ph1oJC-llgYhdriA&oe=65B343AB&_nc_sid=201bca,1
https://scontent.fmnl30-2.fna.fbcdn.net/m1/v/t6/An__AYSI2VIN3dtkMNwwH2sBdsqmgpQoCdSEIib_Ey4N7c_Wra_XrdqKQo99NcJiVZG_vskC01kXR-SYkJ9wQnIeSSLcZktJToXp-r683JP83d2CGIelqD6zmE9VHaaFpK12QsG7pHDnHvXEY7_FsEk?stp=s2048x1152&ccb=10-5&oh=00_AfCVtNv70r_bLPSAk-PyZtHdGdg1bun4wbv8RiiTvL2UbA&oe=65B325A6&_nc_sid=201bca,https://scontent.fmnl30-2.fna.fbcdn.net/m1/v/t6/An8tRaNLbHY_GswzZxm-8uq4wFCb21Vakp1_R6hwVXEh-7Wo-d1zlX1S7qUTG7S5QRBPBoXJr1KMtD6h1mGsUfkOe4LKev4jTNjLs1KUfLgj18Ya0k0GjfnCNN3ZP4sOn-5og6Ej7R4Hj86YGvlGfg?stp=s2048x1152&ccb=10-5&oh=00_AfAtxarmD0a-JOljqJXM7FchysMlin_rAqd_kag1vGOg9A&oe=65B347DA&_nc_sid=201bca,1
https://scontent.fmnl30-2.fna.fbcdn.net/m1/v/t6/An99mc5AwKefdUVVKF-U7O0Jj9agP684rp6WWQtEUJwV-tUi1H7uzpBPrxK4d0g1V9YsOzmfvkW4MaSpna7UxS9zSZG3_pG9bM886ny2vzrYtNxm_2VvQ3ECWpW_0XQ-abzYoLyGopiIRz0hcc6wPA?stp=s2048x1024&ccb=10-5&oh=00_AfDSk82kzMm5LBnuYvTRORm0BgRnhI4oiaUZgP8ShYFoYg&oe=65B3486C&_nc_sid=201bca,https://scontent.fmnl30-2.fna.fbcdn.net/m1/v/t6/An9Wvn8D1uttlSaqj-k2yILX_byGyC8noGxHyiicVS7pbu7vKKRX2w7QF6ZUCjSEHjkaQ-KgZ-9h7SsnE8kzxFaL3YAV1GZw6Z16fK265c42yhxAbTHrfP6eB9LbRwe_-7atx7qeII7cNp7CUavClg?stp=s2048x1024&ccb=10-5&oh=00_AfBPGOeLMDz6_FP4OAlh8AD4XfiIvPQShowqQHBQa-dwQQ&oe=65B347EA&_nc_sid=201bca,1
